path_train,y_train
images/8/Fall_68_136.tiff,1
images/2/Winter_22_31.tiff,0
images/2/Fall_45_25.tiff,0
images/6/Winter_23_107.tiff,1
images/2/Winter_14_38.tiff,0
images/2/Winter_51_3.tiff,0
images/27/Winter_98_133.tiff,1
images/2/Spring_25_19.tiff,0
images/6/Fall_30_99.tiff,1
images/6/Fall_119_53.tiff,1
images/2/Spring_49_24.tiff,0
images/4/Winter_68_143.tiff,1
images/2/Fall_17_72.tiff,0
images/6/Spring_30_98.tiff,1
images/27/Winter_122_108.tiff,1
images/2/Winter_75_71.tiff,0
images/2/Fall_36_2.tiff,0
images/2/Fall_52_62.tiff,0
images/2/Fall_24_14.tiff,0
images/8/Spring_133_71.tiff,1
images/2/Fall_80_19.tiff,0
images/13/Winter_58_67.tiff,1
images/2/Spring_27_2.tiff,0
images/2/Summer_26_39.tiff,0
images/2/Fall_69_34.tiff,0
images/2/Spring_32_19.tiff,0
images/2/Fall_23_1.tiff,0
images/2/Spring_42_17.tiff,0
images/2/Winter_22_42.tiff,0
images/2/Spring_50_2.tiff,0
images/27/Summer_31_83.tiff,1
images/2/Winter_133_96.tiff,0
images/2/Spring_25_27.tiff,0
images/4/Summer_63_99.tiff,1
images/2/Fall_32_31.tiff,0
images/27/Fall_113_102.tiff,1
images/2/Summer_67_44.tiff,0
images/18/Spring_81_14.tiff,1
images/4/Summer_48_59.tiff,1
images/8/Winter_72_134.tiff,1
images/6/Spring_119_34.tiff,1
images/2/Spring_15_86.tiff,0
images/4/Fall_164_85.tiff,1
images/2/Spring_73_23.tiff,0
images/4/Spring_104_82.tiff,1
images/2/Fall_81_75.tiff,0
images/2/Winter_34_7.tiff,0
images/17/Summer_33_24.tiff,1
images/4/Fall_64_145.tiff,1
images/4/Spring_56_103.tiff,1
images/2/Summer_23_20.tiff,0
images/2/Winter_43_19.tiff,0
images/17/Fall_27_43.tiff,1
images/4/Spring_58_74.tiff,1
images/27/Spring_111_121.tiff,1
images/2/Winter_24_19.tiff,0
images/2/Spring_23_20.tiff,0
images/6/Spring_22_104.tiff,1
images/4/Spring_50_41.tiff,1
images/2/Winter_16_40.tiff,0
images/2/Fall_16_39.tiff,0
images/4/Winter_51_68.tiff,1
images/2/Winter_78_120.tiff,0
images/6/Spring_119_53.tiff,1
images/2/Fall_88_74.tiff,0
images/2/Winter_48_22.tiff,0
images/18/Fall_82_12.tiff,1
images/6/Spring_23_145.tiff,1
images/6/Spring_119_38.tiff,1
images/2/Winter_30_5.tiff,0
images/8/Winter_150_131.tiff,1
images/2/Summer_133_96.tiff,0
images/2/Spring_67_36.tiff,0
images/2/Winter_29_4.tiff,0
images/2/Fall_28_37.tiff,0
images/2/Spring_32_6.tiff,0
images/2/Winter_35_3.tiff,0
images/2/Winter_43_27.tiff,0
images/2/Fall_34_4.tiff,0
images/18/Winter_35_23.tiff,1
images/27/Summer_112_107.tiff,1
images/2/Winter_25_18.tiff,0
images/8/Spring_64_145.tiff,1
images/2/Fall_48_25.tiff,0
images/6/Fall_93_58.tiff,1
images/4/Fall_50_52.tiff,1
images/4/Winter_57_99.tiff,1
images/2/Winter_80_74.tiff,0
images/27/Winter_126_105.tiff,1
images/2/Summer_68_73.tiff,0
images/4/Winter_67_99.tiff,1
images/4/Fall_56_99.tiff,1
images/18/Summer_6_115.tiff,1
images/2/Fall_110_80.tiff,0
images/2/Spring_19_77.tiff,0
images/2/Fall_67_44.tiff,0
images/2/Spring_88_76.tiff,0
images/27/Winter_34_84.tiff,1
images/24/Spring_126_69.tiff,1
images/2/Winter_24_20.tiff,0
images/2/Summer_140_75.tiff,0
images/2/Spring_14_87.tiff,0
images/27/Winter_111_121.tiff,1
images/4/Winter_56_2.tiff,1
images/24/Fall_123_69.tiff,1
images/4/Fall_77_142.tiff,1
images/27/Spring_109_106.tiff,1
images/2/Spring_31_6.tiff,0
images/2/Fall_21_35.tiff,0
images/2/Winter_47_3.tiff,0
images/4/Fall_59_72.tiff,1
images/4/Fall_100_32.tiff,1
images/18/Fall_119_48.tiff,1
images/2/Fall_27_4.tiff,0
images/4/Spring_52_75.tiff,1
images/2/Fall_20_34.tiff,0
images/2/Winter_26_39.tiff,0
images/27/Spring_32_90.tiff,1
images/2/Winter_21_35.tiff,0
images/2/Winter_133_29.tiff,0
images/2/Spring_115_38.tiff,0
images/2/Spring_21_38.tiff,0
images/4/Spring_47_75.tiff,1
images/2/Winter_29_40.tiff,0
images/27/Fall_98_133.tiff,1
images/2/Fall_66_39.tiff,0
images/11/Fall_114_140.tiff,1
images/4/Summer_66_102.tiff,1
images/2/Spring_80_76.tiff,0
images/6/Fall_28_101.tiff,1
images/4/Fall_50_55.tiff,1
images/4/Fall_51_42.tiff,1
images/6/Fall_118_41.tiff,1
images/2/Fall_18_29.tiff,0
images/2/Fall_159_57.tiff,0
images/2/Fall_32_20.tiff,0
images/2/Summer_54_35.tiff,0
images/2/Fall_46_23.tiff,0
images/4/Summer_49_74.tiff,1
images/24/Fall_122_70.tiff,1
images/8/Summer_147_134.tiff,1
images/2/Spring_50_18.tiff,0
images/2/Fall_48_3.tiff,0
images/2/Summer_39_23.tiff,0
images/27/Winter_111_119.tiff,1
images/2/Fall_26_29.tiff,0
images/27/Summer_35_133.tiff,1
images/2/Summer_50_3.tiff,0
images/2/Fall_86_56.tiff,0
images/10/Fall_129_9.tiff,1
images/4/Summer_52_76.tiff,1
images/2/Fall_25_53.tiff,0
images/27/Winter_31_102.tiff,1
images/2/Summer_18_70.tiff,0
images/2/Winter_42_14.tiff,0
images/2/Summer_110_80.tiff,0
images/27/Winter_115_109.tiff,1
images/18/Winter_89_38.tiff,1
images/2/Spring_74_52.tiff,0
images/2/Fall_23_29.tiff,0
images/4/Summer_39_80.tiff,1
images/24/Winter_124_73.tiff,1
images/18/Winter_121_44.tiff,1
images/2/Summer_76_78.tiff,0
images/18/Winter_79_17.tiff,1
images/4/Spring_52_52.tiff,1
images/18/Spring_89_38.tiff,1
images/2/Fall_75_23.tiff,0
images/2/Winter_65_39.tiff,0
images/2/Fall_27_38.tiff,0
images/2/Spring_79_71.tiff,0
images/6/Spring_135_35.tiff,1
images/8/Winter_152_132.tiff,1
images/27/Winter_111_104.tiff,1
images/2/Spring_67_44.tiff,0
images/4/Summer_49_75.tiff,1
images/4/Winter_86_83.tiff,1
images/4/Summer_128_107.tiff,1
images/2/Spring_58_8.tiff,0
images/2/Winter_52_2.tiff,0
images/4/Fall_50_64.tiff,1
images/2/Spring_69_32.tiff,0
images/2/Winter_40_12.tiff,0
images/18/Fall_24_49.tiff,1
images/27/Summer_123_108.tiff,1
images/17/Winter_65_36.tiff,1
images/10/Spring_17_34.tiff,1
images/10/Fall_93_140.tiff,1
images/17/Spring_24_9.tiff,1
images/2/Fall_35_6.tiff,0
images/2/Winter_76_24.tiff,0
images/6/Summer_67_73.tiff,1
images/2/Fall_25_70.tiff,0
images/6/Winter_30_102.tiff,1
images/2/Spring_41_15.tiff,0
images/4/Summer_165_113.tiff,1
images/2/Summer_19_87.tiff,0
images/2/Winter_32_32.tiff,0
images/2/Winter_32_19.tiff,0
images/8/Fall_66_145.tiff,1
images/2/Summer_17_28.tiff,0
images/4/Spring_113_151.tiff,1
images/2/Winter_23_31.tiff,0
images/2/Fall_73_22.tiff,0
images/27/Winter_31_91.tiff,1
images/27/Fall_28_83.tiff,1
images/2/Winter_26_19.tiff,0
images/4/Winter_29_127.tiff,1
images/6/Spring_95_61.tiff,1
images/2/Winter_15_62.tiff,0
images/4/Winter_0_157.tiff,1
images/8/Winter_140_107.tiff,1
images/6/Winter_80_82.tiff,1
images/17/Fall_25_9.tiff,1
images/2/Summer_19_34.tiff,0
images/9/Fall_55_71.tiff,1
images/6/Winter_121_29.tiff,1
images/2/Winter_40_13.tiff,0
images/4/Fall_50_76.tiff,1
images/2/Summer_32_29.tiff,0
images/15/Winter_105_79.tiff,1
images/2/Fall_42_16.tiff,0
images/2/Fall_39_21.tiff,0
images/4/Summer_58_27.tiff,1
images/2/Spring_50_19.tiff,0
images/6/Spring_119_52.tiff,1
images/2/Summer_43_39.tiff,0
images/4/Fall_29_127.tiff,1
images/2/Spring_73_22.tiff,0
images/2/Summer_31_33.tiff,0
images/2/Fall_45_21.tiff,0
images/2/Summer_48_22.tiff,0
images/2/Spring_16_74.tiff,0
images/6/Summer_53_72.tiff,1
images/2/Spring_42_15.tiff,0
images/2/Spring_29_81.tiff,0
images/17/Spring_34_30.tiff,1
images/11/Summer_88_108.tiff,1
images/2/Summer_39_10.tiff,0
images/2/Summer_37_47.tiff,0
images/2/Fall_40_18.tiff,0
images/2/Spring_80_72.tiff,0
images/18/Winter_89_82.tiff,1
images/2/Winter_115_37.tiff,0
images/2/Winter_41_15.tiff,0
images/2/Fall_20_37.tiff,0
images/17/Summer_24_9.tiff,1
images/2/Summer_26_52.tiff,0
images/27/Summer_110_106.tiff,1
images/2/Winter_43_17.tiff,0
images/4/Summer_58_0.tiff,1
images/18/Summer_129_84.tiff,1
images/2/Summer_43_38.tiff,0
images/2/Summer_164_19.tiff,0
images/2/Fall_19_2.tiff,0
images/27/Summer_33_102.tiff,1
images/27/Summer_113_121.tiff,1
images/2/Summer_32_6.tiff,0
images/4/Spring_43_84.tiff,1
images/8/Spring_150_133.tiff,1
images/27/Winter_123_107.tiff,1
images/2/Winter_22_39.tiff,0
images/2/Summer_28_27.tiff,0
images/6/Spring_74_110.tiff,1
images/2/Fall_74_27.tiff,0
images/2/Spring_24_55.tiff,0
images/2/Spring_22_60.tiff,0
images/2/Spring_28_30.tiff,0
images/27/Winter_122_110.tiff,1
images/2/Spring_117_5.tiff,0
images/6/Spring_135_36.tiff,1
images/2/Fall_7_19.tiff,0
images/2/Spring_26_5.tiff,0
images/2/Spring_17_68.tiff,0
images/2/Winter_17_69.tiff,0
images/2/Winter_79_71.tiff,0
images/2/Summer_26_4.tiff,0
images/2/Winter_21_2.tiff,0
images/4/Winter_43_33.tiff,1
images/4/Winter_49_55.tiff,1
images/2/Winter_138_36.tiff,0
images/2/Winter_29_39.tiff,0
images/18/Summer_101_111.tiff,1
images/2/Winter_15_37.tiff,0
images/6/Spring_123_57.tiff,1
images/27/Spring_112_118.tiff,1
images/2/Spring_170_66.tiff,0
images/2/Spring_28_2.tiff,0
images/2/Spring_27_73.tiff,0
images/2/Summer_18_37.tiff,0
images/2/Fall_119_40.tiff,0
images/18/Fall_134_31.tiff,1
images/17/Spring_108_25.tiff,1
images/15/Spring_94_148.tiff,1
images/2/Summer_31_5.tiff,0
images/2/Fall_26_39.tiff,0
images/2/Fall_27_29.tiff,0
images/2/Winter_45_25.tiff,0
images/8/Spring_123_41.tiff,1
images/2/Winter_42_16.tiff,0
images/2/Spring_27_4.tiff,0
images/6/Spring_58_15.tiff,1
images/2/Summer_17_78.tiff,0
images/27/Spring_105_112.tiff,1
images/4/Winter_43_31.tiff,1
images/6/Spring_31_22.tiff,1
images/6/Winter_20_144.tiff,1
images/11/Summer_110_18.tiff,1
images/2/Summer_75_56.tiff,0
images/2/Fall_87_56.tiff,0
images/2/Summer_44_19.tiff,0
images/2/Winter_140_75.tiff,0
images/2/Spring_48_25.tiff,0
images/2/Summer_24_20.tiff,0
images/2/Spring_74_23.tiff,0
images/27/Summer_108_106.tiff,1
images/4/Summer_59_10.tiff,1
images/2/Summer_53_36.tiff,0
images/2/Summer_47_3.tiff,0
images/2/Fall_29_41.tiff,0
images/2/Winter_19_38.tiff,0
images/2/Winter_28_39.tiff,0
images/2/Winter_89_57.tiff,0
images/2/Fall_98_85.tiff,0
images/2/Winter_19_79.tiff,0
images/2/Fall_37_12.tiff,0
images/2/Winter_74_55.tiff,0
images/2/Summer_51_3.tiff,0
images/2/Fall_41_9.tiff,0
images/18/Fall_54_10.tiff,1
images/2/Spring_47_3.tiff,0
images/4/Fall_134_111.tiff,1
images/4/Winter_71_18.tiff,1
images/27/Summer_112_105.tiff,1
images/27/Fall_89_139.tiff,1
images/2/Spring_3_57.tiff,0
images/6/Summer_119_51.tiff,1
images/2/Winter_51_21.tiff,0
images/2/Spring_54_46.tiff,0
images/4/Summer_57_27.tiff,1
images/2/Winter_22_41.tiff,0
images/18/Spring_32_38.tiff,1
images/2/Fall_45_24.tiff,0
images/2/Summer_42_14.tiff,0
images/2/Fall_22_60.tiff,0
images/4/Fall_63_99.tiff,1
images/4/Winter_50_65.tiff,1
images/2/Winter_74_78.tiff,0
images/4/Summer_40_83.tiff,1
images/2/Winter_68_38.tiff,0
images/6/Spring_102_1.tiff,1
images/4/Fall_81_146.tiff,1
images/8/Fall_151_126.tiff,1
images/2/Fall_45_26.tiff,0
images/2/Winter_44_18.tiff,0
images/8/Winter_63_144.tiff,1
images/2/Spring_16_40.tiff,0
images/4/Winter_104_82.tiff,1
images/4/Fall_58_0.tiff,1
images/2/Fall_42_18.tiff,0
images/2/Summer_27_37.tiff,0
images/4/Summer_0_145.tiff,1
images/2/Fall_74_78.tiff,0
images/17/Winter_34_30.tiff,1
images/17/Fall_21_9.tiff,1
images/2/Fall_49_31.tiff,0
images/2/Winter_73_25.tiff,0
images/6/Fall_23_142.tiff,1
images/2/Spring_21_61.tiff,0
images/2/Summer_23_38.tiff,0
images/27/Fall_94_138.tiff,1
images/2/Fall_25_3.tiff,0
images/2/Spring_7_19.tiff,0
images/2/Winter_141_74.tiff,0
images/2/Fall_43_25.tiff,0
images/4/Spring_57_44.tiff,1
images/4/Spring_129_107.tiff,1
images/2/Spring_32_7.tiff,0
images/2/Spring_53_60.tiff,0
images/2/Winter_69_71.tiff,0
images/2/Winter_38_22.tiff,0
images/24/Fall_127_74.tiff,1
images/4/Spring_76_140.tiff,1
images/27/Fall_27_89.tiff,1
images/6/Winter_23_104.tiff,1
images/2/Summer_47_22.tiff,0
images/4/Summer_50_54.tiff,1
images/2/Winter_170_66.tiff,0
images/4/Summer_53_68.tiff,1
images/8/Fall_156_116.tiff,1
images/2/Fall_40_13.tiff,0
images/2/Fall_27_41.tiff,0
images/4/Fall_41_82.tiff,1
images/18/Winter_163_115.tiff,1
images/8/Summer_60_108.tiff,1
images/2/Winter_50_18.tiff,0
images/2/Spring_118_37.tiff,0
images/2/Winter_35_85.tiff,0
images/27/Winter_34_90.tiff,1
images/2/Fall_76_24.tiff,0
images/4/Winter_47_55.tiff,1
images/8/Winter_122_40.tiff,1
images/2/Summer_78_120.tiff,0
images/2/Spring_116_39.tiff,0
images/2/Fall_93_42.tiff,0
images/2/Summer_29_39.tiff,0
images/6/Fall_30_102.tiff,1
images/2/Summer_31_7.tiff,0
images/15/Winter_94_148.tiff,1
images/2/Winter_22_30.tiff,0
images/27/Fall_115_104.tiff,1
images/8/Winter_116_44.tiff,1
images/4/Fall_58_69.tiff,1
images/2/Winter_49_24.tiff,0
images/2/Spring_26_41.tiff,0
images/6/Spring_32_22.tiff,1
images/2/Spring_48_30.tiff,0
images/2/Summer_47_4.tiff,0
images/2/Spring_20_34.tiff,0
images/2/Spring_33_22.tiff,0
images/8/Winter_141_140.tiff,1
images/2/Winter_25_70.tiff,0
images/27/Summer_33_84.tiff,1
images/2/Spring_88_15.tiff,0
images/2/Fall_136_33.tiff,0
images/2/Winter_44_19.tiff,0
images/6/Winter_52_15.tiff,1
images/4/Summer_49_68.tiff,1
images/2/Fall_26_19.tiff,0
images/4/Fall_60_29.tiff,1
images/4/Summer_122_104.tiff,1
images/2/Spring_18_80.tiff,0
images/4/Summer_54_72.tiff,1
images/4/Fall_133_110.tiff,1
images/2/Summer_44_20.tiff,0
images/4/Fall_60_105.tiff,1
images/2/Fall_17_69.tiff,0
images/4/Fall_47_74.tiff,1
images/2/Spring_54_35.tiff,0
images/2/Summer_51_20.tiff,0
images/4/Winter_49_43.tiff,1
images/2/Fall_19_77.tiff,0
images/2/Winter_20_33.tiff,0
images/27/Fall_33_83.tiff,1
images/18/Summer_26_81.tiff,1
images/27/Spring_32_103.tiff,1
images/2/Summer_16_69.tiff,0
images/18/Summer_29_60.tiff,1
images/4/Spring_52_60.tiff,1
images/8/Summer_63_7.tiff,1
images/4/Spring_60_73.tiff,1
images/2/Summer_46_3.tiff,0
images/4/Spring_53_72.tiff,1
images/2/Spring_24_39.tiff,0
images/2/Winter_20_37.tiff,0
images/6/Fall_119_41.tiff,1
images/4/Summer_51_66.tiff,1
images/27/Summer_110_121.tiff,1
images/6/Spring_32_24.tiff,1
images/2/Fall_135_31.tiff,0
images/2/Fall_24_11.tiff,0
images/6/Fall_19_140.tiff,1
images/2/Winter_20_59.tiff,0
images/27/Fall_115_112.tiff,1
images/24/Winter_124_69.tiff,1
images/2/Summer_49_24.tiff,0
images/2/Summer_24_14.tiff,0
images/2/Winter_22_60.tiff,0
images/2/Spring_17_31.tiff,0
images/6/Winter_108_41.tiff,1
images/18/Winter_91_49.tiff,1
images/6/Summer_52_73.tiff,1
images/10/Summer_168_107.tiff,1
images/8/Spring_110_53.tiff,1
images/4/Spring_58_0.tiff,1
images/2/Spring_52_60.tiff,0
images/2/Spring_32_28.tiff,0
images/2/Winter_58_8.tiff,0
images/2/Winter_25_19.tiff,0
images/23/Winter_126_14.tiff,1
images/6/Winter_94_58.tiff,1
images/27/Summer_28_132.tiff,1
images/27/Winter_33_88.tiff,1
images/2/Fall_40_26.tiff,0
images/4/Summer_51_48.tiff,1
images/2/Fall_24_70.tiff,0
images/18/Spring_168_113.tiff,1
images/24/Fall_125_68.tiff,1
images/2/Spring_25_70.tiff,0
images/2/Spring_22_35.tiff,0
images/2/Winter_109_28.tiff,0
images/4/Summer_166_111.tiff,1
images/27/Summer_29_91.tiff,1
images/6/Summer_120_51.tiff,1
images/2/Fall_43_17.tiff,0
images/27/Spring_111_119.tiff,1
images/2/Winter_44_20.tiff,0
images/10/Summer_62_104.tiff,1
images/4/Fall_125_108.tiff,1
images/4/Fall_57_35.tiff,1
images/2/Spring_62_38.tiff,0
images/4/Fall_60_7.tiff,1
images/4/Spring_87_83.tiff,1
images/2/Winter_27_41.tiff,0
images/2/Summer_22_60.tiff,0
images/2/Winter_19_80.tiff,0
images/2/Spring_19_71.tiff,0
images/2/Winter_93_42.tiff,0
images/27/Fall_109_104.tiff,1
images/2/Fall_67_36.tiff,0
images/27/Summer_120_103.tiff,1
images/4/Spring_79_145.tiff,1
images/17/Fall_28_50.tiff,1
images/10/Fall_26_7.tiff,1
images/2/Spring_25_28.tiff,0
images/24/Winter_125_69.tiff,1
images/4/Winter_76_140.tiff,1
images/2/Winter_86_56.tiff,0
images/6/Summer_14_4.tiff,1
images/18/Spring_9_110.tiff,1
images/2/Summer_25_52.tiff,0
images/2/Summer_32_31.tiff,0
images/4/Summer_59_71.tiff,1
images/2/Summer_28_5.tiff,0
images/8/Summer_150_131.tiff,1
images/2/Spring_32_32.tiff,0
images/2/Spring_23_58.tiff,0
images/27/Fall_107_104.tiff,1
images/2/Spring_31_20.tiff,0
images/6/Spring_31_20.tiff,1
images/4/Spring_60_28.tiff,1
images/6/Winter_27_19.tiff,1
images/2/Fall_28_27.tiff,0
images/27/Winter_30_87.tiff,1
images/15/Summer_89_77.tiff,1
images/27/Summer_109_106.tiff,1
images/2/Spring_34_80.tiff,0
images/2/Fall_49_24.tiff,0
images/27/Winter_30_91.tiff,1
images/6/Winter_55_11.tiff,1
images/2/Spring_151_75.tiff,0
images/2/Fall_17_11.tiff,0
images/2/Spring_28_40.tiff,0
images/2/Fall_26_16.tiff,0
images/18/Summer_124_78.tiff,1
images/2/Summer_15_62.tiff,0
images/2/Spring_54_34.tiff,0
images/2/Fall_25_16.tiff,0
images/2/Winter_159_57.tiff,0
images/2/Winter_53_2.tiff,0
images/2/Winter_33_28.tiff,0
images/4/Fall_51_50.tiff,1
images/27/Spring_121_110.tiff,1
images/27/Winter_35_132.tiff,1
images/6/Fall_33_103.tiff,1
images/2/Winter_27_30.tiff,0
images/2/Summer_17_72.tiff,0
images/2/Fall_79_18.tiff,0
images/4/Summer_41_81.tiff,1
images/18/Summer_81_14.tiff,1
images/17/Fall_25_42.tiff,1
images/2/Spring_21_29.tiff,0
images/2/Fall_24_20.tiff,0
images/2/Fall_39_10.tiff,0
images/2/Winter_47_4.tiff,0
images/27/Spring_33_93.tiff,1
images/2/Winter_29_41.tiff,0
images/8/Fall_106_43.tiff,1
images/2/Winter_52_19.tiff,0
images/2/Winter_170_39.tiff,0
images/27/Winter_28_83.tiff,1
images/2/Winter_24_3.tiff,0
images/8/Winter_109_54.tiff,1
images/18/Fall_26_64.tiff,1
images/2/Spring_30_43.tiff,0
images/18/Winter_85_57.tiff,1
images/2/Winter_80_76.tiff,0
images/6/Winter_118_42.tiff,1
images/2/Winter_32_6.tiff,0
images/8/Spring_65_144.tiff,1
images/2/Winter_44_15.tiff,0
images/2/Winter_103_85.tiff,0
images/6/Fall_53_15.tiff,1
images/6/Winter_30_22.tiff,1
images/23/Fall_153_65.tiff,1
images/2/Spring_44_24.tiff,0
images/2/Winter_73_55.tiff,0
images/2/Summer_9_44.tiff,0
images/2/Spring_29_5.tiff,0
images/2/Spring_74_54.tiff,0
images/4/Spring_165_111.tiff,1
images/8/Winter_108_56.tiff,1
images/18/Fall_86_82.tiff,1
images/2/Winter_45_26.tiff,0
images/2/Summer_28_28.tiff,0
images/18/Winter_134_32.tiff,1
images/2/Summer_16_34.tiff,0
images/4/Fall_47_61.tiff,1
images/2/Summer_25_28.tiff,0
images/2/Fall_27_30.tiff,0
images/2/Fall_47_3.tiff,0
images/2/Fall_54_34.tiff,0
images/4/Winter_165_113.tiff,1
images/4/Fall_58_1.tiff,1
images/2/Winter_15_38.tiff,0
images/27/Winter_35_86.tiff,1
images/4/Winter_59_72.tiff,1
images/2/Winter_136_33.tiff,0
images/2/Spring_75_25.tiff,0
images/2/Spring_30_44.tiff,0
images/2/Fall_33_18.tiff,0
images/2/Fall_22_35.tiff,0
images/27/Fall_108_121.tiff,1
images/27/Winter_117_110.tiff,1
images/2/Summer_18_9.tiff,0
images/4/Summer_53_67.tiff,1
images/2/Spring_48_33.tiff,0
images/4/Fall_40_83.tiff,1
images/2/Summer_20_59.tiff,0
images/4/Summer_78_145.tiff,1
images/2/Summer_24_11.tiff,0
images/4/Spring_59_102.tiff,1
images/2/Spring_28_28.tiff,0
images/2/Winter_88_18.tiff,0
images/2/Spring_26_46.tiff,0
images/16/Winter_122_25.tiff,1
images/17/Spring_24_42.tiff,1
images/2/Summer_31_43.tiff,0
images/2/Fall_75_25.tiff,0
images/2/Fall_28_5.tiff,0
images/18/Spring_26_64.tiff,1
images/2/Fall_22_61.tiff,0
images/6/Fall_123_57.tiff,1
images/2/Summer_27_72.tiff,0
images/17/Spring_27_46.tiff,1
images/4/Spring_86_83.tiff,1
images/4/Spring_43_85.tiff,1
images/6/Winter_16_5.tiff,1
images/24/Spring_122_70.tiff,1
images/4/Fall_52_76.tiff,1
images/4/Summer_54_64.tiff,1
images/6/Winter_135_35.tiff,1
images/2/Fall_32_28.tiff,0
images/4/Summer_129_109.tiff,1
images/18/Fall_56_9.tiff,1
images/2/Summer_41_17.tiff,0
images/2/Spring_54_36.tiff,0
images/2/Spring_28_37.tiff,0
images/2/Winter_116_39.tiff,0
images/2/Summer_34_4.tiff,0
images/2/Spring_15_40.tiff,0
images/4/Spring_3_79.tiff,1
images/8/Fall_64_145.tiff,1
images/2/Spring_74_22.tiff,0
images/2/Spring_52_61.tiff,0
images/18/Summer_31_60.tiff,1
images/27/Summer_24_72.tiff,1
images/2/Fall_25_36.tiff,0
images/4/Fall_51_47.tiff,1
images/2/Fall_15_61.tiff,0
images/2/Fall_21_61.tiff,0
images/2/Winter_67_39.tiff,0
images/2/Winter_19_1.tiff,0
images/4/Fall_81_145.tiff,1
images/2/Fall_17_78.tiff,0
images/2/Winter_31_103.tiff,0
images/27/Winter_33_82.tiff,1
images/17/Summer_25_42.tiff,1
images/8/Fall_145_136.tiff,1
images/2/Winter_52_62.tiff,0
images/6/Winter_126_44.tiff,1
images/2/Summer_48_28.tiff,0
images/2/Summer_170_66.tiff,0
images/2/Spring_23_1.tiff,0
images/4/Summer_59_2.tiff,1
images/2/Fall_51_20.tiff,0
images/27/Summer_124_106.tiff,1
images/10/Winter_82_82.tiff,1
images/27/Fall_111_106.tiff,1
images/2/Fall_16_43.tiff,0
images/2/Summer_28_52.tiff,0
images/4/Spring_134_110.tiff,1
images/2/Fall_65_39.tiff,0
images/4/Winter_101_23.tiff,1
images/6/Fall_118_51.tiff,1
images/2/Spring_25_31.tiff,0
images/2/Spring_20_39.tiff,0
images/17/Spring_25_9.tiff,1
images/4/Summer_104_73.tiff,1
images/2/Winter_27_40.tiff,0
images/27/Spring_111_117.tiff,1
images/2/Winter_15_82.tiff,0
images/27/Fall_114_103.tiff,1
images/27/Winter_29_134.tiff,1
images/2/Winter_63_40.tiff,0
images/4/Spring_56_36.tiff,1
images/4/Fall_72_73.tiff,1
images/4/Spring_50_63.tiff,1
images/8/Winter_125_42.tiff,1
images/2/Spring_53_2.tiff,0
images/10/Spring_62_110.tiff,1
images/2/Fall_50_2.tiff,0
images/2/Winter_27_72.tiff,0
images/8/Winter_74_135.tiff,1
images/18/Spring_90_50.tiff,1
images/2/Summer_23_60.tiff,0
images/2/Winter_26_3.tiff,0
images/6/Winter_15_2.tiff,1
images/8/Spring_74_136.tiff,1
images/2/Fall_23_18.tiff,0
images/2/Summer_44_153.tiff,0
images/6/Winter_22_108.tiff,1
images/2/Winter_33_22.tiff,0
images/6/Fall_123_56.tiff,1
images/4/Summer_49_76.tiff,1
images/2/Fall_149_76.tiff,0
images/2/Fall_17_70.tiff,0
images/4/Summer_150_149.tiff,1
images/6/Winter_120_51.tiff,1
images/2/Summer_35_6.tiff,0
images/2/Summer_17_65.tiff,0
images/2/Fall_40_12.tiff,0
images/27/Summer_32_102.tiff,1
images/2/Summer_16_61.tiff,0
images/4/Spring_58_11.tiff,1
images/2/Winter_17_66.tiff,0
images/10/Summer_26_7.tiff,1
images/2/Spring_73_24.tiff,0
images/2/Summer_43_18.tiff,0
images/18/Fall_120_47.tiff,1
images/4/Spring_57_28.tiff,1
images/2/Spring_17_65.tiff,0
images/27/Fall_28_90.tiff,1
images/4/Spring_19_138.tiff,1
images/2/Fall_54_36.tiff,0
images/6/Winter_127_45.tiff,1
images/2/Summer_45_25.tiff,0
images/17/Fall_19_3.tiff,1
images/2/Fall_19_34.tiff,0
images/2/Spring_75_54.tiff,0
images/8/Spring_78_50.tiff,1
images/2/Winter_23_41.tiff,0
images/6/Fall_16_5.tiff,1
images/2/Spring_48_23.tiff,0
images/17/Spring_65_37.tiff,1
images/18/Fall_39_36.tiff,1
images/2/Spring_72_50.tiff,0
images/2/Summer_22_61.tiff,0
images/6/Summer_123_56.tiff,1
images/2/Summer_18_77.tiff,0
images/2/Fall_21_29.tiff,0
images/8/Fall_148_134.tiff,1
images/6/Spring_23_105.tiff,1
images/4/Spring_61_9.tiff,1
images/2/Summer_30_34.tiff,0
images/2/Spring_25_16.tiff,0
images/2/Fall_98_83.tiff,0
images/6/Spring_20_142.tiff,1
images/2/Winter_81_76.tiff,0
images/6/Fall_26_102.tiff,1
images/8/Fall_145_135.tiff,1
images/2/Winter_42_10.tiff,0
images/2/Fall_32_6.tiff,0
images/4/Summer_131_132.tiff,1
images/18/Winter_34_21.tiff,1
images/8/Winter_152_130.tiff,1
images/2/Spring_26_16.tiff,0
images/2/Summer_44_26.tiff,0
images/2/Spring_149_76.tiff,0
images/6/Spring_118_52.tiff,1
images/27/Fall_108_120.tiff,1
images/2/Winter_165_44.tiff,0
images/2/Winter_69_77.tiff,0
images/4/Summer_51_74.tiff,1
images/2/Summer_47_24.tiff,0
images/2/Summer_24_53.tiff,0
images/2/Winter_17_29.tiff,0
images/2/Spring_69_34.tiff,0
images/18/Summer_145_123.tiff,1
images/2/Fall_48_32.tiff,0
images/4/Winter_66_99.tiff,1
images/4/Winter_55_71.tiff,1
images/2/Spring_51_1.tiff,0
images/27/Summer_105_104.tiff,1
images/18/Spring_114_46.tiff,1
images/2/Spring_59_18.tiff,0
images/4/Spring_79_144.tiff,1
images/2/Fall_23_41.tiff,0
images/27/Summer_127_109.tiff,1
images/4/Spring_57_75.tiff,1
images/8/Winter_144_136.tiff,1
images/4/Winter_53_48.tiff,1
images/27/Fall_97_135.tiff,1
images/2/Summer_46_26.tiff,0
images/27/Winter_105_107.tiff,1
images/2/Spring_49_3.tiff,0
images/2/Winter_63_38.tiff,0
images/17/Fall_21_8.tiff,1
images/4/Winter_53_62.tiff,1
images/27/Winter_121_110.tiff,1
images/4/Summer_48_76.tiff,1
images/2/Winter_19_72.tiff,0
images/2/Winter_23_38.tiff,0
images/2/Spring_31_5.tiff,0
images/2/Summer_49_2.tiff,0
images/4/Fall_69_145.tiff,1
images/2/Winter_46_3.tiff,0
images/2/Winter_74_24.tiff,0
images/2/Winter_24_14.tiff,0
images/27/Summer_109_120.tiff,1
images/2/Fall_69_73.tiff,0
images/6/Winter_55_12.tiff,1
images/2/Winter_43_26.tiff,0
images/4/Fall_71_73.tiff,1
images/17/Winter_106_27.tiff,1
images/4/Spring_51_78.tiff,1
images/6/Summer_24_105.tiff,1
images/2/Spring_52_62.tiff,0
images/4/Winter_43_87.tiff,1
images/2/Winter_23_3.tiff,0
images/2/Winter_19_2.tiff,0
images/2/Spring_45_19.tiff,0
images/2/Winter_65_38.tiff,0
images/2/Winter_52_5.tiff,0
images/2/Summer_141_74.tiff,0
images/4/Summer_50_64.tiff,1
images/6/Fall_133_4.tiff,1
images/2/Summer_27_5.tiff,0
images/2/Spring_28_52.tiff,0
images/6/Winter_122_57.tiff,1
images/4/Spring_56_31.tiff,1
images/4/Summer_168_105.tiff,1
images/2/Spring_23_31.tiff,0
images/4/Summer_58_32.tiff,1
images/27/Spring_108_104.tiff,1
images/27/Fall_30_96.tiff,1
images/2/Winter_44_25.tiff,0
images/2/Fall_68_33.tiff,0
images/2/Spring_31_35.tiff,0
images/2/Winter_76_22.tiff,0
images/18/Summer_26_65.tiff,1
images/6/Fall_28_99.tiff,1
images/6/Spring_32_25.tiff,1
images/2/Summer_19_37.tiff,0
images/27/Fall_113_120.tiff,1
images/6/Spring_24_105.tiff,1
images/4/Spring_81_144.tiff,1
images/2/Spring_43_25.tiff,0
images/27/Winter_33_93.tiff,1
images/27/Winter_109_105.tiff,1
images/2/Spring_26_28.tiff,0
images/27/Fall_121_103.tiff,1
images/2/Summer_47_28.tiff,0
images/2/Fall_22_39.tiff,0
images/2/Winter_48_23.tiff,0
images/6/Spring_25_21.tiff,1
images/27/Summer_107_116.tiff,1
images/4/Winter_131_108.tiff,1
images/2/Winter_54_35.tiff,0
images/4/Fall_60_6.tiff,1
images/27/Winter_116_113.tiff,1
images/2/Fall_51_3.tiff,0
images/2/Spring_17_28.tiff,0
images/8/Winter_152_127.tiff,1
images/4/Fall_112_157.tiff,1
images/2/Spring_33_5.tiff,0
images/8/Spring_155_124.tiff,1
images/4/Spring_56_68.tiff,1
images/2/Summer_21_38.tiff,0
images/11/Summer_105_144.tiff,1
images/2/Fall_71_50.tiff,0
images/4/Fall_163_86.tiff,1
images/27/Spring_112_108.tiff,1
images/27/Spring_119_104.tiff,1
images/4/Fall_106_81.tiff,1
images/2/Summer_50_18.tiff,0
images/2/Winter_43_16.tiff,0
images/17/Spring_36_31.tiff,1
images/2/Spring_111_80.tiff,0
images/4/Summer_47_65.tiff,1
images/8/Spring_146_135.tiff,1
images/4/Fall_60_36.tiff,1
images/4/Spring_53_62.tiff,1
images/4/Fall_10_96.tiff,1
images/2/Spring_21_35.tiff,0
images/2/Winter_27_36.tiff,0
images/4/Winter_80_143.tiff,1
images/2/Spring_63_38.tiff,0
images/2/Fall_56_10.tiff,0
images/27/Winter_124_109.tiff,1
images/2/Winter_45_21.tiff,0
images/2/Fall_170_66.tiff,0
images/2/Spring_23_41.tiff,0
images/2/Fall_9_44.tiff,0
images/27/Fall_116_109.tiff,1
images/27/Winter_121_104.tiff,1
images/2/Spring_47_26.tiff,0
images/27/Winter_108_116.tiff,1
images/2/Fall_30_34.tiff,0
images/2/Winter_25_33.tiff,0
images/18/Fall_81_17.tiff,1
images/2/Spring_47_30.tiff,0
images/4/Fall_49_70.tiff,1
images/2/Fall_44_25.tiff,0
images/2/Spring_15_38.tiff,0
images/17/Fall_26_44.tiff,1
images/18/Spring_64_147.tiff,1
images/27/Summer_107_117.tiff,1
images/4/Winter_10_96.tiff,1
images/2/Summer_52_19.tiff,0
images/6/Fall_14_3.tiff,1
images/2/Fall_74_52.tiff,0
images/2/Fall_17_71.tiff,0
images/2/Fall_34_6.tiff,0
images/27/Winter_34_83.tiff,1
images/4/Summer_18_139.tiff,1
images/2/Summer_16_74.tiff,0
images/4/Fall_50_77.tiff,1
images/10/Spring_14_25.tiff,1
images/2/Summer_40_11.tiff,0
images/4/Spring_51_64.tiff,1
images/2/Fall_24_53.tiff,0
images/2/Spring_40_11.tiff,0
images/4/Summer_88_81.tiff,1
images/27/Winter_92_131.tiff,1
images/2/Winter_25_52.tiff,0
images/6/Summer_55_75.tiff,1
images/2/Fall_68_73.tiff,0
images/2/Spring_107_24.tiff,0
images/27/Summer_34_104.tiff,1
images/27/Spring_104_105.tiff,1
images/6/Fall_121_9.tiff,1
images/4/Winter_50_79.tiff,1
images/2/Winter_26_30.tiff,0
images/27/Fall_30_97.tiff,1
images/27/Summer_30_92.tiff,1
images/4/Spring_50_55.tiff,1
images/2/Winter_16_42.tiff,0
images/17/Spring_26_43.tiff,1
images/2/Spring_69_71.tiff,0
images/4/Summer_46_52.tiff,1
images/2/Spring_21_36.tiff,0
images/4/Spring_59_67.tiff,1
images/6/Spring_137_35.tiff,1
images/2/Spring_66_40.tiff,0
images/2/Summer_51_1.tiff,0
images/27/Fall_114_119.tiff,1
images/2/Spring_30_5.tiff,0
images/27/Spring_91_133.tiff,1
images/2/Fall_36_4.tiff,0
images/2/Winter_42_15.tiff,0
images/4/Winter_56_31.tiff,1
images/2/Summer_23_2.tiff,0
images/4/Summer_43_33.tiff,1
images/2/Spring_59_8.tiff,0
images/27/Spring_34_103.tiff,1
images/4/Summer_61_0.tiff,1
images/2/Winter_25_3.tiff,0
images/4/Fall_53_50.tiff,1
images/6/Winter_53_14.tiff,1
images/6/Summer_14_3.tiff,1
images/2/Winter_40_23.tiff,0
images/2/Summer_57_9.tiff,0
images/18/Summer_84_11.tiff,1
images/4/Spring_56_3.tiff,1
images/2/Fall_25_37.tiff,0
images/4/Winter_130_138.tiff,1
images/2/Fall_25_27.tiff,0
images/27/Summer_38_133.tiff,1
images/6/Spring_28_98.tiff,1
images/27/Spring_114_121.tiff,1
images/8/Spring_56_45.tiff,1
images/4/Summer_51_51.tiff,1
images/2/Spring_44_26.tiff,0
images/27/Fall_34_123.tiff,1
images/2/Winter_99_29.tiff,0
images/18/Summer_38_37.tiff,1
images/6/Summer_170_4.tiff,1
images/2/Winter_137_36.tiff,0
images/2/Spring_28_27.tiff,0
images/27/Fall_112_103.tiff,1
images/2/Spring_41_9.tiff,0
images/2/Spring_16_34.tiff,0
images/6/Fall_139_34.tiff,1
images/2/Fall_23_61.tiff,0
images/4/Winter_60_10.tiff,1
images/4/Fall_56_35.tiff,1
images/2/Summer_28_39.tiff,0
images/6/Spring_67_72.tiff,1
images/4/Winter_57_4.tiff,1
images/6/Fall_19_143.tiff,1
images/2/Spring_41_17.tiff,0
images/2/Winter_28_30.tiff,0
images/2/Spring_40_12.tiff,0
images/6/Spring_33_26.tiff,1
images/2/Fall_63_39.tiff,0
images/4/Fall_128_109.tiff,1
images/8/Spring_122_39.tiff,1
images/2/Spring_98_83.tiff,0
images/2/Summer_40_10.tiff,0
images/2/Winter_111_80.tiff,0
images/27/Winter_112_103.tiff,1
images/2/Fall_109_93.tiff,0
images/2/Winter_109_93.tiff,0
images/2/Summer_43_40.tiff,0
images/2/Spring_86_58.tiff,0
images/8/Spring_67_144.tiff,1
images/2/Fall_23_2.tiff,0
images/27/Summer_104_107.tiff,1
images/2/Fall_109_28.tiff,0
images/27/Summer_32_93.tiff,1
images/2/Winter_32_28.tiff,0
images/4/Spring_71_14.tiff,1
images/6/Winter_19_144.tiff,1
images/4/Winter_88_82.tiff,1
images/2/Fall_67_39.tiff,0
images/27/Summer_112_122.tiff,1
images/2/Fall_33_22.tiff,0
images/2/Summer_26_5.tiff,0
images/18/Winter_81_17.tiff,1
images/4/Spring_0_135.tiff,1
images/27/Fall_27_90.tiff,1
images/2/Fall_26_52.tiff,0
images/17/Fall_19_0.tiff,1
images/4/Winter_48_75.tiff,1
images/4/Fall_85_73.tiff,1
images/2/Winter_64_39.tiff,0
images/2/Fall_30_7.tiff,0
images/18/Summer_82_13.tiff,1
images/2/Winter_63_39.tiff,0
images/2/Spring_23_59.tiff,0
images/18/Fall_35_21.tiff,1
images/2/Spring_27_37.tiff,0
images/18/Summer_86_83.tiff,1
images/27/Summer_107_119.tiff,1
images/2/Fall_63_38.tiff,0
images/27/Summer_108_104.tiff,1
images/2/Spring_44_20.tiff,0
images/27/Summer_117_107.tiff,1
images/4/Fall_149_151.tiff,1
images/27/Fall_30_92.tiff,1
images/2/Winter_39_12.tiff,0
images/2/Spring_26_3.tiff,0
images/6/Summer_25_105.tiff,1
images/4/Fall_71_18.tiff,1
images/2/Summer_16_39.tiff,0
images/2/Fall_48_28.tiff,0
images/2/Spring_46_3.tiff,0
images/2/Fall_19_37.tiff,0
images/2/Summer_16_70.tiff,0
images/4/Fall_167_105.tiff,1
images/2/Fall_40_23.tiff,0
images/6/Fall_118_52.tiff,1
images/27/Summer_119_108.tiff,1
images/6/Summer_106_111.tiff,1
images/4/Winter_43_82.tiff,1
images/6/Summer_20_142.tiff,1
images/2/Spring_40_10.tiff,0
images/27/Fall_112_116.tiff,1
images/2/Spring_25_37.tiff,0
images/2/Spring_18_72.tiff,0
images/27/Fall_23_68.tiff,1
images/2/Summer_54_36.tiff,0
images/2/Winter_43_18.tiff,0
images/2/Fall_26_46.tiff,0
images/4/Fall_68_139.tiff,1
images/2/Spring_53_59.tiff,0
images/27/Fall_120_109.tiff,1
images/2/Summer_44_15.tiff,0
images/2/Summer_24_39.tiff,0
images/6/Summer_19_140.tiff,1
images/18/Spring_81_55.tiff,1
images/4/Spring_100_22.tiff,1
images/2/Fall_73_24.tiff,0
images/2/Spring_53_5.tiff,0
images/2/Winter_87_56.tiff,0
images/2/Spring_67_38.tiff,0
images/8/Summer_144_136.tiff,1
images/2/Winter_33_7.tiff,0
images/10/Winter_33_22.tiff,1
images/2/Spring_43_26.tiff,0
images/6/Spring_29_102.tiff,1
images/18/Fall_38_37.tiff,1
images/2/Spring_22_61.tiff,0
images/2/Winter_26_5.tiff,0
images/2/Spring_31_103.tiff,0
images/2/Winter_73_54.tiff,0
images/4/Fall_95_120.tiff,1
images/4/Spring_58_31.tiff,1
images/6/Fall_17_6.tiff,1
images/27/Winter_113_103.tiff,1
images/2/Fall_69_32.tiff,0
images/2/Spring_72_49.tiff,0
images/2/Summer_58_19.tiff,0
images/27/Winter_91_133.tiff,1
images/27/Winter_28_85.tiff,1
images/2/Summer_15_38.tiff,0
images/27/Winter_33_98.tiff,1
images/2/Spring_86_73.tiff,0
images/4/Winter_170_111.tiff,1
images/6/Spring_137_34.tiff,1
images/2/Summer_15_37.tiff,0
images/2/Fall_19_1.tiff,0
images/18/Fall_39_35.tiff,1
images/27/Fall_31_104.tiff,1
images/2/Spring_42_10.tiff,0
images/2/Winter_25_16.tiff,0
images/2/Winter_116_37.tiff,0
images/2/Fall_14_66.tiff,0
images/4/Spring_51_75.tiff,1
images/2/Spring_42_16.tiff,0
images/27/Winter_112_119.tiff,1
images/4/Fall_130_110.tiff,1
images/17/Winter_25_9.tiff,1
images/2/Fall_73_25.tiff,0
images/2/Summer_17_29.tiff,0
images/27/Summer_110_108.tiff,1
images/2/Summer_32_7.tiff,0
images/4/Spring_42_34.tiff,1
images/4/Summer_39_79.tiff,1
images/2/Fall_80_76.tiff,0
images/2/Summer_18_71.tiff,0
images/17/Fall_106_27.tiff,1
images/4/Summer_58_73.tiff,1
images/2/Spring_87_57.tiff,0
images/2/Fall_44_19.tiff,0
images/10/Winter_14_15.tiff,1
images/27/Spring_31_97.tiff,1
images/2/Winter_18_78.tiff,0
images/8/Spring_124_40.tiff,1
images/27/Spring_97_135.tiff,1
images/2/Spring_29_41.tiff,0
images/4/Fall_71_76.tiff,1
images/2/Spring_40_26.tiff,0
images/27/Fall_30_85.tiff,1
images/27/Spring_108_122.tiff,1
images/27/Fall_33_107.tiff,1
images/27/Summer_114_121.tiff,1
images/2/Fall_15_60.tiff,0
images/2/Summer_17_11.tiff,0
images/6/Summer_27_102.tiff,1
images/4/Winter_57_34.tiff,1
images/13/Winter_57_66.tiff,1
images/2/Fall_17_68.tiff,0
images/2/Spring_52_22.tiff,0
images/2/Summer_26_41.tiff,0
images/4/Spring_52_71.tiff,1
images/4/Fall_49_74.tiff,1
images/18/Spring_83_10.tiff,1
images/8/Fall_152_127.tiff,1
images/27/Spring_106_118.tiff,1
images/8/Winter_66_139.tiff,1
images/24/Winter_123_69.tiff,1
images/6/Fall_137_35.tiff,1
images/16/Fall_122_25.tiff,1
images/2/Winter_69_33.tiff,0
images/8/Winter_117_43.tiff,1
images/6/Summer_8_114.tiff,1
images/27/Summer_30_98.tiff,1
images/2/Fall_15_74.tiff,0
images/2/Fall_47_22.tiff,0
images/2/Summer_47_36.tiff,0
images/4/Spring_50_70.tiff,1
images/2/Fall_47_36.tiff,0
images/2/Winter_43_25.tiff,0
images/6/Fall_118_31.tiff,1
images/11/Winter_114_140.tiff,1
images/2/Winter_80_72.tiff,0
images/4/Spring_51_63.tiff,1
images/2/Fall_116_37.tiff,0
images/2/Summer_21_61.tiff,0
images/27/Spring_127_109.tiff,1
images/15/Spring_89_77.tiff,1
images/2/Summer_43_26.tiff,0
images/2/Winter_25_30.tiff,0
images/2/Spring_35_6.tiff,0
images/4/Winter_60_27.tiff,1
images/2/Fall_39_22.tiff,0
images/4/Spring_125_108.tiff,1
images/2/Winter_47_25.tiff,0
images/2/Winter_73_82.tiff,0
images/18/Spring_147_124.tiff,1
images/6/Fall_20_140.tiff,1
images/8/Winter_122_43.tiff,1
images/18/Summer_89_83.tiff,1
images/6/Fall_121_39.tiff,1
images/27/Fall_122_108.tiff,1
images/2/Fall_27_2.tiff,0
images/2/Summer_25_53.tiff,0
images/2/Fall_99_29.tiff,0
images/2/Winter_141_77.tiff,0
images/10/Fall_24_21.tiff,1
images/2/Summer_34_110.tiff,0
images/27/Summer_25_74.tiff,1
images/2/Summer_45_21.tiff,0
images/17/Summer_28_49.tiff,1
images/2/Winter_24_39.tiff,0
images/2/Spring_73_82.tiff,0
images/4/Fall_53_72.tiff,1
images/2/Spring_33_19.tiff,0
images/2/Winter_19_77.tiff,0
images/2/Fall_62_38.tiff,0
images/2/Winter_71_49.tiff,0
images/6/Fall_56_13.tiff,1
images/2/Summer_19_72.tiff,0
images/2/Summer_15_66.tiff,0
images/27/Fall_32_102.tiff,1
images/2/Summer_99_82.tiff,0
images/6/Fall_170_160.tiff,1
images/2/Summer_26_30.tiff,0
images/2/Spring_22_31.tiff,0
images/6/Winter_106_110.tiff,1
images/2/Winter_26_29.tiff,0
images/2/Summer_21_58.tiff,0
images/18/Fall_80_54.tiff,1
images/6/Spring_31_101.tiff,1
images/2/Summer_31_6.tiff,0
images/4/Summer_60_28.tiff,1
images/4/Fall_131_108.tiff,1
images/2/Spring_22_41.tiff,0
images/27/Summer_35_101.tiff,1
images/2/Spring_29_37.tiff,0
images/2/Summer_53_21.tiff,0
images/2/Summer_24_52.tiff,0
images/2/Fall_80_74.tiff,0
images/2/Fall_88_77.tiff,0
images/2/Fall_27_36.tiff,0
images/2/Fall_17_36.tiff,0
images/18/Fall_163_115.tiff,1
images/27/Summer_116_106.tiff,1
images/2/Winter_47_24.tiff,0
images/2/Summer_98_85.tiff,0
images/2/Fall_45_19.tiff,0
images/2/Summer_56_10.tiff,0
images/18/Fall_34_22.tiff,1
images/4/Winter_55_32.tiff,1
images/2/Fall_47_27.tiff,0
images/2/Summer_42_18.tiff,0
images/2/Spring_24_53.tiff,0
images/24/Winter_124_70.tiff,1
images/2/Fall_81_73.tiff,0
images/2/Summer_21_29.tiff,0
images/27/Fall_106_104.tiff,1
images/27/Winter_108_117.tiff,1
images/6/Spring_52_15.tiff,1
images/2/Fall_27_37.tiff,0
images/2/Fall_41_17.tiff,0
images/2/Winter_121_30.tiff,0
images/4/Winter_39_79.tiff,1
images/6/Fall_29_102.tiff,1
images/4/Spring_47_63.tiff,1
images/24/Winter_125_72.tiff,1
images/2/Fall_15_40.tiff,0
images/27/Spring_115_105.tiff,1
images/8/Winter_152_128.tiff,1
images/2/Winter_114_38.tiff,0
images/2/Spring_52_19.tiff,0
images/2/Winter_60_19.tiff,0
images/2/Spring_52_2.tiff,0
images/2/Spring_48_2.tiff,0
images/4/Winter_57_37.tiff,1
images/4/Summer_50_43.tiff,1
images/2/Summer_30_7.tiff,0
images/24/Fall_122_69.tiff,1
images/4/Spring_56_32.tiff,1
images/2/Fall_121_40.tiff,0
images/4/Spring_131_49.tiff,1
images/27/Fall_88_132.tiff,1
images/4/Spring_60_3.tiff,1
images/2/Fall_98_82.tiff,0
images/4/Winter_40_79.tiff,1
images/27/Spring_32_83.tiff,1
images/27/Fall_33_92.tiff,1
images/6/Winter_30_101.tiff,1
images/2/Spring_31_43.tiff,0
images/2/Spring_45_25.tiff,0
images/4/Spring_47_61.tiff,1
images/4/Fall_65_102.tiff,1
images/2/Fall_24_19.tiff,0
images/6/Spring_31_25.tiff,1
images/2/Winter_48_33.tiff,0
images/27/Fall_125_106.tiff,1
images/8/Spring_154_124.tiff,1
images/2/Winter_64_38.tiff,0
images/2/Fall_23_58.tiff,0
images/2/Fall_32_85.tiff,0
images/2/Winter_25_69.tiff,0
images/2/Fall_38_22.tiff,0
images/2/Fall_15_38.tiff,0
images/2/Winter_76_78.tiff,0
images/4/Fall_58_29.tiff,1
images/2/Spring_63_40.tiff,0
images/2/Summer_53_2.tiff,0
images/4/Summer_71_73.tiff,1
images/8/Winter_149_133.tiff,1
images/10/Winter_86_84.tiff,1
images/2/Winter_74_54.tiff,0
images/4/Summer_131_107.tiff,1
images/2/Fall_16_68.tiff,0
images/2/Winter_32_30.tiff,0
images/6/Winter_74_110.tiff,1
images/6/Spring_16_5.tiff,1
images/2/Summer_39_21.tiff,0
images/2/Fall_59_19.tiff,0
images/4/Winter_125_108.tiff,1
images/9/Fall_131_9.tiff,1
images/2/Spring_16_70.tiff,0
images/9/Winter_54_71.tiff,1
images/2/Fall_22_31.tiff,0
images/4/Summer_48_66.tiff,1
images/4/Winter_51_72.tiff,1
images/4/Spring_129_109.tiff,1
images/18/Winter_39_37.tiff,1
images/2/Summer_17_38.tiff,0
images/2/Spring_40_21.tiff,0
images/2/Spring_109_28.tiff,0
images/6/Fall_138_34.tiff,1
images/27/Fall_33_98.tiff,1
images/4/Spring_54_64.tiff,1
images/2/Spring_24_20.tiff,0
images/2/Winter_32_131.tiff,0
images/2/Spring_52_21.tiff,0
images/2/Fall_47_30.tiff,0
images/2/Winter_16_37.tiff,0
images/2/Winter_80_73.tiff,0
images/2/Summer_149_76.tiff,0
images/2/Fall_26_30.tiff,0
images/2/Spring_75_71.tiff,0
images/2/Spring_20_47.tiff,0
images/27/Spring_27_86.tiff,1
images/2/Spring_47_27.tiff,0
images/2/Winter_33_81.tiff,0
images/2/Winter_18_70.tiff,0
images/27/Summer_35_132.tiff,1
images/13/Summer_58_65.tiff,1
images/2/Fall_50_18.tiff,0
images/2/Spring_164_19.tiff,0
images/8/Spring_153_48.tiff,1
images/18/Fall_83_56.tiff,1
images/2/Spring_43_27.tiff,0
images/2/Winter_52_61.tiff,0
images/6/Winter_164_114.tiff,1
images/4/Winter_59_1.tiff,1
images/18/Spring_120_37.tiff,1
images/9/Summer_147_77.tiff,1
images/6/Spring_55_12.tiff,1
images/2/Fall_37_29.tiff,0
images/2/Spring_28_4.tiff,0
images/17/Fall_65_36.tiff,1
images/6/Spring_80_81.tiff,1
images/4/Spring_66_102.tiff,1
images/2/Spring_15_74.tiff,0
images/2/Summer_51_19.tiff,0
images/2/Spring_15_39.tiff,0
images/17/Winter_33_24.tiff,1
images/27/Winter_109_122.tiff,1
images/27/Summer_121_103.tiff,1
images/18/Summer_34_23.tiff,1
images/2/Fall_51_2.tiff,0
images/2/Fall_22_38.tiff,0
images/2/Fall_74_54.tiff,0
images/8/Winter_133_71.tiff,1
images/27/Spring_35_131.tiff,1
images/27/Winter_30_102.tiff,1
images/2/Winter_19_89.tiff,0
images/2/Winter_48_32.tiff,0
images/2/Summer_15_39.tiff,0
images/27/Summer_106_112.tiff,1
images/6/Fall_29_19.tiff,1
images/10/Spring_128_9.tiff,1
images/2/Fall_14_39.tiff,0
images/2/Spring_47_24.tiff,0
images/2/Spring_42_18.tiff,0
images/4/Fall_49_52.tiff,1
images/27/Winter_106_115.tiff,1
images/27/Winter_120_110.tiff,1
images/2/Winter_149_76.tiff,0
images/27/Spring_126_105.tiff,1
images/2/Spring_146_75.tiff,0
images/2/Summer_26_28.tiff,0
images/2/Fall_164_19.tiff,0
images/17/Winter_26_42.tiff,1
images/27/Fall_34_104.tiff,1
images/27/Spring_113_119.tiff,1
images/2/Fall_56_9.tiff,0
images/27/Spring_105_107.tiff,1
images/4/Summer_47_61.tiff,1
images/4/Fall_122_107.tiff,1
images/2/Winter_26_16.tiff,0
images/4/Summer_52_75.tiff,1
images/2/Winter_42_18.tiff,0
images/2/Summer_24_70.tiff,0
images/27/Fall_116_113.tiff,1
images/27/Spring_110_108.tiff,1
images/2/Fall_81_76.tiff,0
images/2/Spring_113_46.tiff,0
images/2/Winter_53_21.tiff,0
images/18/Spring_29_56.tiff,1
images/27/Winter_117_109.tiff,1
images/2/Summer_27_39.tiff,0
images/27/Winter_91_139.tiff,1
images/2/Fall_21_11.tiff,0
images/2/Spring_40_23.tiff,0
images/2/Summer_16_37.tiff,0
images/2/Spring_18_29.tiff,0
images/2/Winter_40_21.tiff,0
images/6/Summer_23_104.tiff,1
images/2/Spring_73_54.tiff,0
images/6/Spring_106_111.tiff,1
images/2/Spring_17_36.tiff,0
images/4/Spring_50_62.tiff,1
images/27/Spring_94_138.tiff,1
images/2/Spring_31_32.tiff,0
images/2/Fall_31_7.tiff,0
images/18/Spring_35_22.tiff,1
images/4/Fall_52_75.tiff,1
images/27/Spring_34_104.tiff,1
images/6/Spring_111_132.tiff,1
images/2/Fall_51_21.tiff,0
images/6/Winter_121_57.tiff,1
images/4/Fall_58_27.tiff,1
images/2/Fall_170_39.tiff,0
images/4/Fall_162_89.tiff,1
images/18/Fall_34_24.tiff,1
images/4/Summer_101_32.tiff,1
images/2/Fall_29_81.tiff,0
images/27/Winter_116_112.tiff,1
images/2/Fall_16_74.tiff,0
images/4/Fall_131_107.tiff,1
images/4/Winter_40_81.tiff,1
images/10/Winter_33_54.tiff,1
images/2/Winter_34_4.tiff,0
images/4/Winter_81_145.tiff,1
images/6/Spring_93_58.tiff,1
images/6/Spring_29_99.tiff,1
images/6/Fall_136_34.tiff,1
images/4/Winter_61_105.tiff,1
images/4/Spring_70_10.tiff,1
images/6/Fall_14_2.tiff,1
images/2/Fall_46_3.tiff,0
images/2/Spring_19_34.tiff,0
images/2/Fall_28_28.tiff,0
images/2/Spring_43_40.tiff,0
images/2/Spring_16_61.tiff,0
images/8/Winter_74_134.tiff,1
images/2/Fall_18_79.tiff,0
images/4/Fall_133_109.tiff,1
images/2/Fall_27_31.tiff,0
images/2/Spring_21_48.tiff,0
images/4/Spring_59_2.tiff,1
images/27/Winter_25_67.tiff,1
images/2/Summer_52_21.tiff,0
images/2/Winter_25_53.tiff,0
images/4/Summer_57_73.tiff,1
images/8/Spring_65_140.tiff,1
images/2/Fall_18_37.tiff,0
images/10/Spring_14_15.tiff,1
images/2/Fall_44_15.tiff,0
images/2/Summer_18_80.tiff,0
images/2/Fall_72_83.tiff,0
images/2/Fall_52_61.tiff,0
images/27/Fall_29_85.tiff,1
images/6/Summer_164_114.tiff,1
images/9/Fall_55_72.tiff,1
images/2/Fall_21_36.tiff,0
images/2/Summer_15_60.tiff,0
images/2/Summer_49_31.tiff,0
images/8/Winter_150_133.tiff,1
images/2/Summer_35_3.tiff,0
images/2/Winter_53_59.tiff,0
images/4/Spring_52_69.tiff,1
images/2/Spring_45_24.tiff,0
images/27/Fall_29_93.tiff,1
images/2/Fall_25_33.tiff,0
images/6/Winter_25_22.tiff,1
images/2/Spring_89_57.tiff,0
images/18/Spring_133_32.tiff,1
images/2/Fall_52_22.tiff,0
images/2/Summer_19_2.tiff,0
images/4/Winter_0_121.tiff,1
images/2/Summer_69_77.tiff,0
images/2/Fall_3_57.tiff,0
images/6/Winter_115_40.tiff,1
images/4/Winter_65_145.tiff,1
images/2/Winter_19_87.tiff,0
images/6/Winter_1_26.tiff,1
images/4/Summer_129_108.tiff,1
images/4/Winter_60_74.tiff,1
images/24/Spring_126_68.tiff,1
images/2/Fall_68_32.tiff,0
images/2/Summer_14_39.tiff,0
images/2/Spring_135_31.tiff,0
images/2/Fall_75_54.tiff,0
images/2/Summer_37_29.tiff,0
images/2/Fall_76_23.tiff,0
images/2/Fall_17_66.tiff,0
images/2/Fall_47_28.tiff,0
images/6/Fall_114_39.tiff,1
images/2/Fall_31_103.tiff,0
images/2/Fall_117_5.tiff,0
images/17/Summer_27_43.tiff,1
images/2/Spring_66_39.tiff,0
images/2/Spring_88_77.tiff,0
images/2/Fall_33_28.tiff,0
images/27/Fall_109_118.tiff,1
images/2/Winter_119_40.tiff,0
images/18/Winter_90_51.tiff,1
images/27/Spring_34_84.tiff,1
images/4/Spring_166_106.tiff,1
images/4/Winter_0_145.tiff,1
images/27/Fall_29_134.tiff,1
images/2/Summer_24_4.tiff,0
images/2/Winter_14_39.tiff,0
images/2/Fall_80_75.tiff,0
images/2/Winter_53_60.tiff,0
images/4/Fall_50_75.tiff,1
images/2/Spring_50_10.tiff,0
images/4/Spring_100_31.tiff,1
images/27/Summer_30_99.tiff,1
images/4/Fall_58_74.tiff,1
images/6/Fall_27_100.tiff,1
images/2/Summer_23_59.tiff,0
images/10/Fall_4_14.tiff,1
images/2/Summer_88_76.tiff,0
images/18/Winter_85_54.tiff,1
images/4/Fall_50_43.tiff,1
images/4/Winter_86_81.tiff,1
images/6/Fall_134_5.tiff,1
images/2/Winter_54_36.tiff,0
images/8/Winter_156_116.tiff,1
images/4/Spring_58_32.tiff,1
images/4/Spring_47_80.tiff,1
images/2/Winter_33_5.tiff,0
images/2/Summer_46_22.tiff,0
images/2/Summer_33_80.tiff,0
images/6/Winter_135_36.tiff,1
images/8/Winter_123_42.tiff,1
images/6/Fall_112_132.tiff,1
images/2/Spring_44_153.tiff,0
images/4/Summer_52_60.tiff,1
images/27/Fall_37_136.tiff,1
images/8/Winter_110_57.tiff,1
images/2/Fall_111_80.tiff,0
images/2/Winter_51_1.tiff,0
images/2/Winter_135_31.tiff,0
images/2/Fall_22_30.tiff,0
images/2/Summer_109_93.tiff,0
images/2/Winter_76_25.tiff,0
images/8/Fall_117_39.tiff,1
images/2/Winter_117_5.tiff,0
images/6/Spring_30_18.tiff,1
images/2/Winter_26_51.tiff,0
images/2/Spring_80_73.tiff,0
images/2/Spring_74_78.tiff,0
images/2/Fall_53_61.tiff,0
images/4/Spring_50_64.tiff,1
images/2/Winter_17_65.tiff,0
images/2/Summer_18_2.tiff,0
images/2/Fall_80_73.tiff,0
images/2/Summer_51_2.tiff,0
images/2/Fall_115_38.tiff,0
images/6/Winter_27_21.tiff,1
images/2/Fall_140_75.tiff,0
images/2/Summer_41_18.tiff,0
images/27/Fall_124_105.tiff,1
images/2/Winter_54_34.tiff,0
images/2/Spring_75_24.tiff,0
images/2/Spring_69_73.tiff,0
images/27/Winter_101_133.tiff,1
images/2/Summer_69_71.tiff,0
images/2/Winter_74_52.tiff,0
images/2/Winter_21_29.tiff,0
images/6/Winter_118_52.tiff,1
images/27/Fall_124_106.tiff,1
images/2/Fall_48_30.tiff,0
images/2/Summer_27_29.tiff,0
images/27/Winter_105_106.tiff,1
images/2/Spring_49_10.tiff,0
images/2/Winter_67_44.tiff,0
images/2/Spring_23_60.tiff,0
images/4/Summer_131_49.tiff,1
images/2/Fall_28_30.tiff,0
images/13/Summer_58_67.tiff,1
images/4/Winter_52_48.tiff,1
images/27/Fall_32_96.tiff,1
images/2/Winter_75_23.tiff,0
images/2/Spring_40_18.tiff,0
images/2/Summer_56_8.tiff,0
images/2/Fall_47_4.tiff,0
images/2/Winter_16_43.tiff,0
images/2/Winter_15_74.tiff,0
images/2/Spring_25_30.tiff,0
images/27/Spring_36_135.tiff,1
images/2/Spring_25_3.tiff,0
images/2/Summer_53_5.tiff,0
images/2/Fall_17_38.tiff,0
images/2/Winter_53_61.tiff,0
images/27/Spring_111_105.tiff,1
images/2/Fall_78_120.tiff,0
images/27/Summer_28_128.tiff,1
images/2/Fall_16_71.tiff,0
images/2/Winter_28_2.tiff,0
images/2/Fall_76_22.tiff,0
images/2/Summer_17_36.tiff,0
images/4/Fall_52_47.tiff,1
images/2/Winter_50_3.tiff,0
images/2/Summer_32_28.tiff,0
images/17/Fall_27_45.tiff,1
images/2/Fall_15_37.tiff,0
images/2/Fall_23_19.tiff,0
images/9/Fall_129_11.tiff,1
images/27/Winter_124_107.tiff,1
images/2/Winter_51_2.tiff,0
images/27/Summer_27_89.tiff,1
images/2/Spring_67_33.tiff,0
images/2/Winter_17_28.tiff,0
images/27/Summer_125_106.tiff,1
images/2/Spring_60_19.tiff,0
images/6/Fall_163_114.tiff,1
images/9/Spring_41_56.tiff,1
images/2/Spring_74_25.tiff,0
images/2/Winter_32_31.tiff,0
images/2/Spring_65_38.tiff,0
images/27/Spring_32_81.tiff,1
images/2/Fall_24_3.tiff,0
images/4/Winter_59_11.tiff,1
images/4/Fall_56_32.tiff,1
images/4/Spring_50_74.tiff,1
images/6/Fall_164_114.tiff,1
images/2/Fall_40_11.tiff,0
images/2/Fall_19_72.tiff,0
images/2/Winter_32_85.tiff,0
images/2/Summer_23_41.tiff,0
images/2/Winter_15_40.tiff,0
images/4/Spring_132_109.tiff,1
images/4/Winter_59_103.tiff,1
images/2/Summer_35_5.tiff,0
images/2/Spring_81_73.tiff,0
images/2/Spring_27_38.tiff,0
images/6/Spring_119_51.tiff,1
images/2/Summer_27_38.tiff,0
images/4/Winter_59_107.tiff,1
images/2/Winter_27_38.tiff,0
images/2/Winter_43_39.tiff,0
images/6/Winter_136_36.tiff,1
images/2/Winter_52_1.tiff,0
images/8/Summer_154_124.tiff,1
images/4/Spring_58_73.tiff,1
images/2/Fall_42_17.tiff,0
images/27/Winter_110_120.tiff,1
images/2/Summer_45_24.tiff,0
images/2/Fall_16_34.tiff,0
images/17/Winter_28_49.tiff,1
images/2/Fall_28_40.tiff,0
images/4/Winter_146_154.tiff,1
images/27/Fall_36_92.tiff,1
images/2/Fall_27_73.tiff,0
images/27/Spring_31_94.tiff,1
images/4/Winter_55_73.tiff,1
images/2/Winter_17_71.tiff,0
images/2/Winter_28_4.tiff,0
images/2/Summer_15_74.tiff,0
images/2/Fall_48_36.tiff,0
images/18/Fall_112_44.tiff,1
images/2/Fall_53_36.tiff,0
images/2/Winter_17_30.tiff,0
images/4/Spring_51_67.tiff,1
images/4/Fall_59_6.tiff,1
images/8/Fall_65_143.tiff,1
images/4/Winter_47_71.tiff,1
images/2/Winter_28_27.tiff,0
images/4/Fall_50_78.tiff,1
images/2/Fall_64_39.tiff,0
images/27/Fall_33_93.tiff,1
images/2/Winter_24_11.tiff,0
images/2/Winter_26_41.tiff,0
images/2/Summer_50_10.tiff,0
images/2/Spring_24_52.tiff,0
images/8/Spring_116_44.tiff,1
images/2/Spring_57_8.tiff,0
images/2/Fall_49_10.tiff,0
images/18/Fall_88_82.tiff,1
images/2/Spring_29_4.tiff,0
images/2/Spring_23_29.tiff,0
images/2/Fall_113_46.tiff,0
images/4/Spring_58_40.tiff,1
images/2/Fall_74_22.tiff,0
images/27/Summer_33_89.tiff,1
images/13/Fall_58_66.tiff,1
images/4/Summer_51_69.tiff,1
images/2/Fall_22_42.tiff,0
images/6/Winter_94_59.tiff,1
images/18/Winter_82_17.tiff,1
images/4/Fall_21_99.tiff,1
images/2/Fall_53_2.tiff,0
images/2/Spring_53_36.tiff,0
images/2/Summer_44_24.tiff,0
images/8/Spring_125_42.tiff,1
images/2/Summer_16_43.tiff,0
images/2/Fall_86_58.tiff,0
images/2/Spring_15_66.tiff,0
images/6/Winter_136_34.tiff,1
images/18/Spring_28_37.tiff,1
images/4/Winter_49_74.tiff,1
images/2/Summer_22_38.tiff,0
images/2/Winter_37_12.tiff,0
images/2/Fall_71_49.tiff,0
images/2/Winter_21_19.tiff,0
images/2/Winter_26_37.tiff,0
images/24/Spring_102_15.tiff,1
images/4/Fall_146_154.tiff,1
images/27/Summer_97_135.tiff,1
images/2/Fall_43_14.tiff,0
images/6/Winter_102_1.tiff,1
images/2/Fall_43_26.tiff,0
images/2/Winter_98_82.tiff,0
images/2/Spring_51_20.tiff,0
images/4/Summer_56_31.tiff,1
images/4/Fall_130_109.tiff,1
images/2/Fall_53_1.tiff,0
images/2/Spring_119_40.tiff,0
images/18/Summer_25_65.tiff,1
images/18/Summer_35_23.tiff,1
images/8/Spring_68_144.tiff,1
images/2/Summer_18_72.tiff,0
images/2/Fall_17_31.tiff,0
images/2/Winter_23_58.tiff,0
images/15/Winter_114_47.tiff,1
images/2/Fall_18_9.tiff,0
images/4/Spring_105_80.tiff,1
images/2/Spring_73_55.tiff,0
images/2/Fall_60_19.tiff,0
images/2/Spring_69_33.tiff,0
images/2/Fall_15_66.tiff,0
images/6/Winter_154_123.tiff,1
images/6/Summer_22_145.tiff,1
images/4/Spring_57_108.tiff,1
images/2/Spring_98_82.tiff,0
images/2/Fall_99_82.tiff,0
images/2/Winter_31_7.tiff,0
images/2/Spring_74_24.tiff,0
images/2/Summer_31_20.tiff,0
images/8/Winter_141_141.tiff,1
images/2/Summer_48_23.tiff,0
images/18/Spring_34_22.tiff,1
images/2/Spring_16_36.tiff,0
images/2/Spring_44_18.tiff,0
images/2/Fall_21_60.tiff,0
images/2/Winter_34_110.tiff,0
images/2/Fall_19_89.tiff,0
images/27/Winter_106_111.tiff,1
images/2/Winter_15_34.tiff,0
images/18/Winter_80_84.tiff,1
images/27/Summer_104_115.tiff,1
images/2/Fall_133_96.tiff,0
images/6/Spring_122_57.tiff,1
images/10/Spring_33_54.tiff,1
images/2/Fall_74_23.tiff,0
images/2/Fall_165_44.tiff,0
images/2/Spring_47_4.tiff,0
images/2/Winter_56_9.tiff,0
images/27/Winter_112_108.tiff,1
images/4/Winter_58_69.tiff,1
images/6/Winter_116_41.tiff,1
images/2/Spring_76_25.tiff,0
images/6/Spring_95_59.tiff,1
images/4/Winter_122_107.tiff,1
images/27/Winter_112_100.tiff,1
images/2/Spring_71_50.tiff,0
images/6/Fall_55_13.tiff,1
images/6/Summer_28_101.tiff,1
images/4/Fall_43_9.tiff,1
images/13/Summer_59_64.tiff,1
images/2/Fall_29_5.tiff,0
images/6/Winter_31_101.tiff,1
images/8/Fall_121_42.tiff,1
images/27/Summer_33_93.tiff,1
images/2/Winter_21_58.tiff,0
images/2/Fall_48_23.tiff,0
images/4/Winter_47_39.tiff,1
images/27/Summer_30_93.tiff,1
images/6/Spring_117_41.tiff,1
images/2/Summer_45_20.tiff,0
images/2/Spring_68_32.tiff,0
images/17/Winter_18_4.tiff,1
images/2/Summer_80_74.tiff,0
images/2/Spring_31_33.tiff,0
images/2/Spring_65_40.tiff,0
images/4/Spring_83_81.tiff,1
images/8/Spring_55_45.tiff,1
images/4/Winter_167_107.tiff,1
images/27/Summer_109_104.tiff,1
images/4/Fall_51_71.tiff,1
images/2/Summer_15_82.tiff,0
images/27/Fall_113_119.tiff,1
images/24/Spring_123_68.tiff,1
images/18/Summer_39_36.tiff,1
images/2/Spring_16_37.tiff,0
images/2/Spring_88_74.tiff,0
images/4/Spring_54_61.tiff,1
images/2/Spring_19_79.tiff,0
images/2/Winter_39_21.tiff,0
images/10/Winter_7_16.tiff,1
images/2/Fall_41_16.tiff,0
images/27/Spring_120_110.tiff,1
images/2/Spring_23_38.tiff,0
images/10/Fall_62_105.tiff,1
images/2/Fall_20_39.tiff,0
images/2/Summer_23_18.tiff,0
images/2/Spring_14_39.tiff,0
images/2/Spring_25_53.tiff,0
images/2/Winter_34_6.tiff,0
images/2/Fall_19_71.tiff,0
images/27/Spring_123_108.tiff,1
images/6/Winter_17_6.tiff,1
images/4/Summer_58_2.tiff,1
images/4/Summer_48_68.tiff,1
images/27/Fall_30_83.tiff,1
images/8/Winter_90_12.tiff,1
images/4/Winter_103_81.tiff,1
images/24/Winter_126_69.tiff,1
images/2/Winter_170_38.tiff,0
images/2/Spring_15_37.tiff,0
images/6/Winter_25_21.tiff,1
images/4/Fall_71_72.tiff,1
images/2/Spring_43_18.tiff,0
images/2/Winter_28_3.tiff,0
images/4/Fall_56_44.tiff,1
images/6/Winter_120_8.tiff,1
images/4/Spring_117_104.tiff,1
images/2/Spring_110_80.tiff,0
images/8/Winter_108_43.tiff,1
images/2/Summer_28_38.tiff,0
images/13/Spring_60_65.tiff,1
images/8/Spring_126_40.tiff,1
images/2/Summer_27_41.tiff,0
images/4/Summer_166_106.tiff,1
images/4/Winter_42_84.tiff,1
images/4/Spring_149_151.tiff,1
images/6/Winter_29_17.tiff,1
images/2/Winter_25_37.tiff,0
images/2/Fall_45_20.tiff,0
images/27/Fall_27_75.tiff,1
images/2/Winter_46_26.tiff,0
images/2/Spring_45_20.tiff,0
images/2/Winter_15_61.tiff,0
images/2/Fall_46_22.tiff,0
images/2/Summer_88_77.tiff,0
images/8/Winter_122_39.tiff,1
images/4/Summer_40_82.tiff,1
images/2/Fall_72_49.tiff,0
images/27/Spring_111_106.tiff,1
images/2/Summer_14_66.tiff,0
images/2/Fall_34_5.tiff,0
images/27/Winter_112_105.tiff,1
images/2/Fall_52_5.tiff,0
images/18/Fall_80_55.tiff,1
images/2/Winter_23_18.tiff,0
images/27/Fall_30_99.tiff,1
images/2/Winter_28_38.tiff,0
images/2/Fall_14_38.tiff,0
images/4/Winter_55_72.tiff,1
images/2/Spring_18_79.tiff,0
images/4/Fall_57_1.tiff,1
images/11/Fall_24_90.tiff,1
images/27/Fall_104_106.tiff,1
images/2/Fall_29_52.tiff,0
images/2/Summer_44_25.tiff,0
images/18/Spring_28_57.tiff,1
images/2/Winter_65_40.tiff,0
images/2/Spring_80_74.tiff,0
images/2/Spring_15_60.tiff,0
images/2/Summer_24_54.tiff,0
images/2/Winter_151_75.tiff,0
images/2/Winter_47_36.tiff,0
images/2/Summer_69_73.tiff,0
images/8/Spring_20_4.tiff,1
images/4/Fall_86_82.tiff,1
images/2/Summer_60_19.tiff,0
images/2/Summer_32_30.tiff,0
images/18/Fall_111_44.tiff,1
images/6/Spring_53_9.tiff,1
images/4/Fall_51_48.tiff,1
images/6/Winter_116_4.tiff,1
images/9/Fall_128_10.tiff,1
images/8/Spring_65_138.tiff,1
images/4/Spring_56_35.tiff,1
images/4/Spring_47_74.tiff,1
images/6/Summer_22_108.tiff,1
images/2/Winter_18_29.tiff,0
images/2/Fall_43_39.tiff,0
images/27/Winter_32_84.tiff,1
images/4/Fall_67_144.tiff,1
images/27/Fall_107_103.tiff,1
images/2/Spring_26_30.tiff,0
images/2/Winter_67_38.tiff,0
images/2/Winter_36_2.tiff,0
images/2/Spring_32_30.tiff,0
images/4/Spring_61_105.tiff,1
images/2/Summer_35_85.tiff,0
images/4/Fall_51_51.tiff,1
images/2/Spring_72_81.tiff,0
images/4/Spring_47_76.tiff,1
images/4/Winter_51_42.tiff,1
images/2/Summer_37_12.tiff,0
images/27/Summer_33_107.tiff,1
images/2/Spring_78_120.tiff,0
images/6/Spring_93_60.tiff,1
images/4/Summer_106_81.tiff,1
images/2/Winter_49_10.tiff,0
images/2/Spring_69_77.tiff,0
images/2/Spring_75_23.tiff,0
images/2/Spring_39_11.tiff,0
images/24/Fall_126_73.tiff,1
images/4/Winter_57_70.tiff,1
images/2/Summer_28_2.tiff,0
images/4/Fall_104_82.tiff,1
images/11/Summer_99_109.tiff,1
images/6/Winter_120_35.tiff,1
images/2/Winter_53_1.tiff,0
images/2/Spring_74_26.tiff,0
images/18/Fall_17_75.tiff,1
images/2/Spring_43_17.tiff,0
images/2/Fall_64_40.tiff,0
images/2/Spring_99_82.tiff,0
images/2/Fall_24_52.tiff,0
images/4/Summer_81_143.tiff,1
images/6/Winter_118_41.tiff,1
images/2/Spring_32_31.tiff,0
images/8/Fall_107_43.tiff,1
images/2/Winter_67_33.tiff,0
images/6/Spring_22_143.tiff,1
images/4/Winter_51_63.tiff,1
images/4/Spring_167_105.tiff,1
images/4/Spring_88_82.tiff,1
images/2/Winter_48_30.tiff,0
images/2/Fall_19_80.tiff,0
images/27/Summer_32_129.tiff,1
images/8/Winter_153_48.tiff,1
images/4/Spring_59_11.tiff,1
images/4/Winter_43_9.tiff,1
images/2/Fall_32_19.tiff,0
images/4/Summer_79_144.tiff,1
images/2/Winter_27_2.tiff,0
images/2/Fall_51_19.tiff,0
images/4/Fall_52_58.tiff,1
images/9/Fall_130_11.tiff,1
images/4/Spring_55_3.tiff,1
images/4/Winter_49_76.tiff,1
images/10/Fall_20_0.tiff,1
images/27/Fall_25_74.tiff,1
images/4/Winter_54_3.tiff,1
images/2/Spring_76_78.tiff,0
images/17/Fall_27_46.tiff,1
images/18/Spring_39_36.tiff,1
images/2/Spring_17_38.tiff,0
images/2/Spring_19_89.tiff,0
images/2/Spring_109_93.tiff,0
images/4/Summer_102_74.tiff,1
images/4/Spring_130_109.tiff,1
images/8/Spring_71_135.tiff,1
images/27/Spring_29_86.tiff,1
images/4/Fall_53_67.tiff,1
images/8/Spring_133_72.tiff,1
images/4/Fall_128_107.tiff,1
images/15/Spring_78_119.tiff,1
images/2/Summer_38_22.tiff,0
images/18/Spring_39_35.tiff,1
images/2/Fall_87_57.tiff,0
images/10/Spring_33_22.tiff,1
images/4/Spring_51_48.tiff,1
images/2/Winter_115_38.tiff,0
images/27/Fall_113_122.tiff,1
images/4/Summer_81_145.tiff,1
images/18/Fall_165_110.tiff,1
images/27/Summer_32_91.tiff,1
images/8/Fall_69_143.tiff,1
images/2/Fall_19_87.tiff,0
images/6/Summer_27_100.tiff,1
images/27/Summer_113_118.tiff,1
images/2/Winter_37_30.tiff,0
images/6/Winter_22_104.tiff,1
images/2/Winter_80_75.tiff,0
images/2/Summer_20_87.tiff,0
images/2/Summer_22_2.tiff,0
images/4/Fall_32_102.tiff,1
images/4/Winter_56_44.tiff,1
images/18/Winter_26_65.tiff,1
images/27/Winter_33_108.tiff,1
images/2/Spring_80_57.tiff,0
images/2/Summer_28_4.tiff,0
images/2/Fall_67_33.tiff,0
images/8/Spring_90_11.tiff,1
images/18/Spring_11_113.tiff,1
images/2/Spring_99_84.tiff,0
images/2/Spring_52_1.tiff,0
images/10/Spring_7_14.tiff,1
images/2/Spring_22_39.tiff,0
images/2/Summer_58_8.tiff,0
images/4/Winter_60_29.tiff,1
images/10/Spring_24_21.tiff,1
images/2/Summer_34_80.tiff,0
images/4/Summer_51_47.tiff,1
images/6/Fall_29_99.tiff,1
images/27/Spring_32_93.tiff,1
images/18/Spring_56_9.tiff,1
images/2/Summer_23_29.tiff,0
images/4/Spring_41_83.tiff,1
images/18/Fall_79_17.tiff,1
images/8/Winter_21_4.tiff,1
images/8/Spring_123_40.tiff,1
images/10/Spring_81_80.tiff,1
images/2/Fall_137_36.tiff,0
images/2/Winter_31_5.tiff,0
images/17/Summer_36_31.tiff,1
images/2/Fall_32_7.tiff,0
images/2/Summer_25_36.tiff,0
images/2/Winter_31_43.tiff,0
images/2/Fall_79_71.tiff,0
images/4/Summer_50_70.tiff,1
images/8/Fall_66_143.tiff,1
images/2/Spring_33_7.tiff,0
images/27/Summer_32_103.tiff,1
images/4/Spring_58_71.tiff,1
images/2/Fall_118_37.tiff,0
images/18/Fall_26_48.tiff,1
images/27/Summer_113_104.tiff,1
images/27/Fall_111_117.tiff,1
images/2/Summer_42_17.tiff,0
images/27/Fall_32_129.tiff,1
images/2/Summer_79_71.tiff,0
images/8/Winter_148_134.tiff,1
images/2/Spring_48_37.tiff,0
images/18/Spring_89_82.tiff,1
images/4/Fall_50_79.tiff,1
images/6/Winter_93_60.tiff,1
images/27/Winter_30_83.tiff,1
images/2/Winter_47_27.tiff,0
images/2/Summer_28_3.tiff,0
images/10/Summer_169_106.tiff,1
images/6/Spring_54_16.tiff,1
images/2/Fall_37_30.tiff,0
images/4/Summer_69_11.tiff,1
images/8/Fall_142_140.tiff,1
images/2/Winter_22_61.tiff,0
images/4/Winter_48_59.tiff,1
images/27/Fall_118_110.tiff,1
images/4/Spring_66_144.tiff,1
images/2/Fall_57_9.tiff,0
images/2/Spring_51_19.tiff,0
images/2/Summer_21_48.tiff,0
images/2/Winter_17_72.tiff,0
images/27/Summer_121_110.tiff,1
images/6/Spring_106_110.tiff,1
images/4/Fall_101_20.tiff,1
images/2/Winter_48_2.tiff,0
images/4/Spring_100_20.tiff,1
images/2/Winter_40_11.tiff,0
images/2/Spring_43_14.tiff,0
images/2/Winter_57_8.tiff,0
images/2/Spring_18_71.tiff,0
images/2/Winter_22_2.tiff,0
images/2/Fall_49_25.tiff,0
images/2/Summer_15_61.tiff,0
images/2/Spring_75_70.tiff,0
images/2/Spring_24_3.tiff,0
images/2/Spring_141_74.tiff,0
images/18/Winter_123_79.tiff,1
images/2/Summer_25_69.tiff,0
images/2/Spring_15_75.tiff,0
images/27/Summer_30_133.tiff,1
images/2/Fall_74_24.tiff,0
images/2/Winter_121_40.tiff,0
images/2/Winter_20_39.tiff,0
images/10/Fall_169_106.tiff,1
images/2/Fall_17_30.tiff,0
images/2/Fall_73_82.tiff,0
images/2/Fall_39_11.tiff,0
images/6/Fall_117_31.tiff,1
images/8/Fall_75_133.tiff,1
images/2/Winter_68_32.tiff,0
images/2/Winter_15_60.tiff,0
images/2/Fall_33_80.tiff,0
images/2/Fall_31_5.tiff,0
images/4/Fall_50_57.tiff,1
images/6/Fall_80_83.tiff,1
images/2/Winter_24_53.tiff,0
images/2/Winter_37_47.tiff,0
images/2/Spring_27_30.tiff,0
images/2/Summer_88_74.tiff,0
images/8/Winter_65_143.tiff,1
images/6/Spring_25_103.tiff,1
images/2/Winter_34_80.tiff,0
images/27/Spring_25_74.tiff,1
images/27/Spring_110_120.tiff,1
images/8/Fall_65_144.tiff,1
images/2/Winter_50_19.tiff,0
images/4/Summer_70_167.tiff,1
images/2/Spring_74_50.tiff,0
images/2/Fall_25_69.tiff,0
images/8/Winter_149_132.tiff,1
images/4/Fall_131_109.tiff,1
images/2/Spring_19_37.tiff,0
images/2/Summer_80_73.tiff,0
images/2/Winter_49_31.tiff,0
images/6/Winter_119_41.tiff,1
images/2/Fall_42_14.tiff,0
images/4/Spring_112_157.tiff,1
images/18/Winter_34_23.tiff,1
images/4/Winter_61_2.tiff,1
images/2/Summer_20_60.tiff,0
images/27/Summer_120_107.tiff,1
images/4/Fall_48_76.tiff,1
images/4/Winter_168_105.tiff,1
images/2/Winter_88_77.tiff,0
images/2/Fall_26_5.tiff,0
images/2/Winter_15_39.tiff,0
images/2/Fall_107_24.tiff,0
images/13/Spring_58_66.tiff,1
images/24/Winter_123_68.tiff,1
images/6/Spring_120_35.tiff,1
images/2/Fall_141_77.tiff,0
images/27/Spring_113_120.tiff,1
images/18/Spring_111_44.tiff,1
images/4/Fall_76_139.tiff,1
images/6/Spring_0_26.tiff,1
images/4/Summer_102_75.tiff,1
images/6/Winter_119_29.tiff,1
images/2/Fall_21_2.tiff,0
images/2/Fall_54_46.tiff,0
images/4/Spring_51_94.tiff,1
images/6/Winter_117_41.tiff,1
images/18/Spring_121_47.tiff,1
images/4/Fall_166_111.tiff,1
images/18/Winter_80_16.tiff,1
images/2/Winter_73_50.tiff,0
images/4/Summer_43_84.tiff,1
images/2/Summer_26_16.tiff,0
images/2/Fall_40_17.tiff,0
images/2/Summer_48_32.tiff,0
images/2/Winter_75_24.tiff,0
images/2/Fall_75_71.tiff,0
images/6/Summer_16_5.tiff,1
images/2/Winter_22_38.tiff,0
images/6/Fall_17_5.tiff,1
images/27/Summer_119_104.tiff,1
images/11/Spring_24_90.tiff,1
images/2/Spring_35_3.tiff,0
images/27/Summer_28_98.tiff,1
images/2/Summer_39_11.tiff,0
images/27/Spring_122_108.tiff,1
images/18/Spring_163_116.tiff,1
images/17/Fall_27_44.tiff,1
images/27/Spring_116_106.tiff,1
images/2/Spring_56_9.tiff,0
images/27/Summer_115_109.tiff,1
images/4/Winter_55_1.tiff,1
images/6/Summer_67_72.tiff,1
images/27/Summer_35_131.tiff,1
images/2/Summer_27_30.tiff,0
images/4/Fall_43_31.tiff,1
images/2/Spring_18_2.tiff,0
images/2/Summer_41_9.tiff,0
images/4/Summer_58_74.tiff,1
images/2/Winter_17_11.tiff,0
images/2/Spring_25_33.tiff,0
images/4/Summer_54_70.tiff,1
images/2/Winter_26_28.tiff,0
images/27/Summer_32_84.tiff,1
images/4/Winter_48_74.tiff,1
images/27/Spring_121_105.tiff,1
images/8/Spring_151_132.tiff,1
images/2/Spring_16_69.tiff,0
images/6/Spring_17_6.tiff,1
images/11/Spring_91_108.tiff,1
images/18/Spring_31_38.tiff,1
images/8/Spring_156_116.tiff,1
images/27/Summer_31_130.tiff,1
images/4/Spring_71_72.tiff,1
images/27/Winter_26_76.tiff,1
images/2/Summer_98_83.tiff,0
images/4/Summer_51_42.tiff,1
images/2/Summer_19_38.tiff,0
images/27/Winter_120_102.tiff,1
images/4/Spring_57_39.tiff,1
images/2/Spring_79_72.tiff,0
images/2/Spring_18_78.tiff,0
images/18/Spring_100_111.tiff,1
images/4/Spring_51_70.tiff,1
images/6/Winter_19_142.tiff,1
images/2/Spring_28_3.tiff,0
images/2/Fall_19_79.tiff,0
images/27/Fall_27_84.tiff,1
images/18/Spring_38_37.tiff,1
images/4/Fall_56_68.tiff,1
images/4/Summer_51_94.tiff,1
images/27/Winter_125_105.tiff,1
images/18/Fall_82_15.tiff,1
images/2/Fall_20_47.tiff,0
images/4/Spring_56_69.tiff,1
images/6/Fall_32_22.tiff,1
images/24/Spring_123_74.tiff,1
images/2/Fall_18_70.tiff,0
images/18/Spring_26_80.tiff,1
images/4/Spring_50_77.tiff,1
images/2/Summer_81_73.tiff,0
images/2/Spring_52_20.tiff,0
images/2/Winter_29_52.tiff,0
images/2/Spring_23_2.tiff,0
images/4/Winter_58_11.tiff,1
images/2/Summer_47_26.tiff,0
images/8/Spring_148_134.tiff,1
images/2/Summer_30_44.tiff,0
images/18/Summer_24_49.tiff,1
images/2/Spring_16_68.tiff,0
images/2/Winter_21_61.tiff,0
images/2/Winter_41_18.tiff,0
images/4/Spring_72_73.tiff,1
images/4/Spring_130_110.tiff,1
images/4/Summer_57_105.tiff,1
images/2/Winter_23_20.tiff,0
images/6/Winter_53_72.tiff,1
images/8/Fall_155_124.tiff,1
images/6/Winter_29_98.tiff,1
images/27/Summer_106_116.tiff,1
images/8/Fall_67_137.tiff,1
images/6/Winter_118_36.tiff,1
images/2/Fall_73_55.tiff,0
images/4/Winter_51_69.tiff,1
images/2/Spring_16_71.tiff,0
images/2/Spring_80_75.tiff,0
images/2/Summer_29_41.tiff,0
images/4/Spring_43_33.tiff,1
images/8/Summer_143_138.tiff,1
images/18/Winter_25_65.tiff,1
images/4/Fall_50_53.tiff,1
images/2/Summer_20_34.tiff,0
images/4/Winter_57_31.tiff,1
images/27/Summer_106_121.tiff,1
images/6/Winter_61_63.tiff,1
images/2/Fall_25_18.tiff,0
images/4/Winter_47_68.tiff,1
images/2/Winter_51_19.tiff,0
images/17/Summer_22_8.tiff,1
images/10/Winter_62_110.tiff,1
images/2/Spring_36_4.tiff,0
images/8/Fall_124_41.tiff,1
images/4/Winter_48_38.tiff,1
images/4/Fall_48_67.tiff,1
images/2/Winter_43_14.tiff,0
images/2/Winter_21_38.tiff,0
images/2/Summer_25_37.tiff,0
images/27/Fall_33_91.tiff,1
images/2/Winter_17_36.tiff,0
images/2/Winter_98_84.tiff,0
images/4/Winter_59_12.tiff,1
images/2/Winter_30_34.tiff,0
images/2/Fall_76_25.tiff,0
images/2/Winter_90_35.tiff,0
images/2/Fall_24_55.tiff,0
images/2/Winter_16_71.tiff,0
images/2/Winter_28_52.tiff,0
images/2/Fall_75_24.tiff,0
images/27/Winter_113_108.tiff,1
images/15/Fall_149_28.tiff,1
images/4/Summer_60_5.tiff,1
images/4/Spring_46_81.tiff,1
images/6/Winter_14_4.tiff,1
images/11/Winter_90_108.tiff,1
images/27/Winter_107_116.tiff,1
images/4/Spring_47_64.tiff,1
images/2/Fall_25_52.tiff,0
images/27/Winter_34_93.tiff,1
images/27/Fall_115_106.tiff,1
images/2/Winter_69_32.tiff,0
images/2/Winter_39_23.tiff,0
images/4/Summer_70_168.tiff,1
images/2/Fall_15_62.tiff,0
images/2/Fall_72_81.tiff,0
images/4/Summer_57_103.tiff,1
images/2/Spring_47_36.tiff,0
images/2/Winter_18_71.tiff,0
images/2/Fall_28_3.tiff,0
images/2/Winter_16_34.tiff,0
images/8/Winter_55_46.tiff,1
images/2/Spring_115_47.tiff,0
images/8/Fall_115_44.tiff,1
images/15/Spring_95_78.tiff,1
images/2/Spring_24_70.tiff,0
images/27/Spring_33_79.tiff,1
images/2/Summer_49_3.tiff,0
images/27/Fall_117_111.tiff,1
images/6/Spring_134_7.tiff,1
images/2/Winter_68_73.tiff,0
images/4/Fall_51_66.tiff,1
images/4/Fall_114_162.tiff,1
images/2/Summer_19_80.tiff,0
images/27/Spring_107_117.tiff,1
images/10/Spring_33_23.tiff,1
images/27/Fall_118_109.tiff,1
images/6/Spring_26_20.tiff,1
images/2/Summer_56_9.tiff,0
images/4/Summer_40_81.tiff,1
images/2/Spring_15_61.tiff,0
images/17/Summer_17_4.tiff,1
images/4/Fall_54_2.tiff,1
images/2/Summer_25_16.tiff,0
images/2/Spring_43_16.tiff,0
images/2/Fall_53_5.tiff,0
images/2/Winter_86_58.tiff,0
images/2/Summer_28_29.tiff,0
images/4/Winter_51_65.tiff,1
images/10/Fall_7_14.tiff,1
images/2/Summer_27_31.tiff,0
images/2/Summer_27_2.tiff,0
images/2/Spring_21_58.tiff,0
images/2/Spring_68_73.tiff,0
images/6/Summer_22_106.tiff,1
images/2/Spring_90_35.tiff,0
images/2/Winter_74_22.tiff,0
images/2/Summer_32_85.tiff,0
images/2/Spring_46_22.tiff,0
images/6/Winter_96_58.tiff,1
images/9/Spring_130_10.tiff,1
images/4/Spring_56_107.tiff,1
images/4/Winter_79_144.tiff,1
images/2/Summer_29_52.tiff,0
images/4/Winter_41_81.tiff,1
images/2/Spring_17_70.tiff,0
images/4/Winter_51_50.tiff,1
images/4/Spring_49_75.tiff,1
images/2/Summer_59_19.tiff,0
images/2/Spring_17_69.tiff,0
images/2/Fall_31_32.tiff,0
images/2/Fall_88_15.tiff,0
images/2/Fall_146_75.tiff,0
images/18/Winter_99_20.tiff,1
images/27/Spring_106_105.tiff,1
images/6/Fall_14_4.tiff,1
images/2/Winter_31_33.tiff,0
images/2/Fall_67_38.tiff,0
images/2/Fall_30_5.tiff,0
images/24/Fall_126_68.tiff,1
images/27/Winter_33_95.tiff,1
images/2/Summer_27_36.tiff,0
images/2/Spring_50_3.tiff,0
images/2/Fall_43_27.tiff,0
images/2/Winter_21_48.tiff,0
images/2/Winter_28_6.tiff,0
images/2/Spring_76_24.tiff,0
images/4/Winter_145_154.tiff,1
images/8/Spring_111_58.tiff,1
images/4/Spring_47_68.tiff,1
images/4/Fall_147_155.tiff,1
images/27/Winter_124_111.tiff,1
images/10/Fall_117_0.tiff,1
images/2/Summer_99_29.tiff,0
images/2/Spring_114_38.tiff,0
images/2/Spring_15_62.tiff,0
images/8/Spring_58_47.tiff,1
images/10/Spring_19_37.tiff,1
images/27/Winter_31_97.tiff,1
images/10/Spring_62_104.tiff,1
images/4/Summer_42_32.tiff,1
images/2/Spring_46_24.tiff,0
images/2/Spring_72_83.tiff,0
images/27/Spring_117_107.tiff,1
images/2/Spring_20_37.tiff,0
images/9/Winter_126_12.tiff,1
images/4/Fall_55_71.tiff,1
images/2/Summer_29_37.tiff,0
images/2/Fall_53_21.tiff,0
images/4/Summer_122_107.tiff,1
images/8/Spring_150_131.tiff,1
images/2/Winter_17_31.tiff,0
images/27/Spring_36_123.tiff,1
images/2/Summer_26_51.tiff,0
images/2/Spring_26_19.tiff,0
images/6/Fall_61_63.tiff,1
images/2/Winter_18_80.tiff,0
images/18/Fall_73_83.tiff,1
images/2/Fall_114_38.tiff,0
images/2/Winter_16_70.tiff,0
images/10/Summer_33_22.tiff,1
images/10/Winter_4_14.tiff,1
images/2/Summer_25_18.tiff,0
images/27/Fall_35_132.tiff,1
images/4/Winter_157_157.tiff,1
images/2/Spring_17_78.tiff,0
images/2/Spring_26_53.tiff,0
images/4/Summer_59_67.tiff,1
images/27/Spring_115_109.tiff,1
images/2/Summer_31_32.tiff,0
images/18/Spring_26_65.tiff,1
images/2/Summer_30_43.tiff,0
images/2/Fall_26_28.tiff,0
images/2/Fall_103_85.tiff,0
images/23/Spring_126_14.tiff,1
images/4/Summer_56_0.tiff,1
images/4/Spring_60_72.tiff,1
images/2/Winter_47_26.tiff,0
images/2/Winter_17_38.tiff,0
images/6/Fall_23_144.tiff,1
images/2/Fall_19_78.tiff,0
images/2/Fall_27_3.tiff,0
images/9/Winter_128_10.tiff,1
images/4/Winter_63_99.tiff,1
images/2/Winter_27_39.tiff,0
images/4/Summer_54_1.tiff,1
images/4/Summer_85_80.tiff,1
images/6/Fall_38_49.tiff,1
images/2/Spring_74_55.tiff,0
images/24/Fall_124_71.tiff,1
images/2/Spring_19_80.tiff,0
images/17/Summer_26_42.tiff,1
images/2/Summer_26_29.tiff,0
images/27/Fall_112_107.tiff,1
images/2/Winter_37_29.tiff,0
images/6/Fall_116_33.tiff,1
images/6/Spring_33_103.tiff,1
images/2/Spring_22_30.tiff,0
images/2/Spring_99_29.tiff,0
images/18/Fall_133_32.tiff,1
images/4/Winter_57_74.tiff,1
images/2/Fall_26_36.tiff,0
images/4/Fall_55_3.tiff,1
images/2/Fall_67_37.tiff,0
images/2/Spring_27_41.tiff,0
images/27/Spring_112_121.tiff,1
images/27/Fall_104_107.tiff,1
images/27/Fall_32_91.tiff,1
images/2/Spring_53_21.tiff,0
images/4/Summer_55_72.tiff,1
images/27/Fall_120_110.tiff,1
images/2/Spring_21_2.tiff,0
images/8/Spring_64_144.tiff,1
images/4/Fall_98_120.tiff,1
images/27/Summer_112_118.tiff,1
images/10/Spring_129_9.tiff,1
images/15/Summer_66_77.tiff,1
images/2/Fall_59_8.tiff,0
images/27/Fall_30_82.tiff,1
images/6/Spring_121_39.tiff,1
images/27/Spring_33_132.tiff,1
images/27/Winter_115_113.tiff,1
images/6/Spring_140_34.tiff,1
images/24/Winter_102_15.tiff,1
images/2/Fall_121_30.tiff,0
images/2/Winter_46_22.tiff,0
images/18/Summer_83_12.tiff,1
images/24/Winter_116_104.tiff,1
images/2/Summer_25_70.tiff,0
images/6/Summer_53_73.tiff,1
images/2/Winter_66_40.tiff,0
images/8/Spring_73_135.tiff,1
images/2/Fall_47_26.tiff,0
images/4/Fall_53_62.tiff,1
images/2/Spring_46_26.tiff,0
images/2/Winter_45_24.tiff,0
images/2/Summer_86_73.tiff,0
images/2/Winter_59_8.tiff,0
images/27/Fall_30_86.tiff,1
images/2/Summer_30_6.tiff,0
images/18/Winter_82_14.tiff,1
images/2/Winter_80_57.tiff,0
images/6/Winter_31_20.tiff,1
images/8/Summer_151_133.tiff,1
images/27/Winter_116_105.tiff,1
images/17/Spring_27_43.tiff,1
images/2/Fall_80_57.tiff,0
images/4/Spring_51_69.tiff,1
images/15/Fall_95_79.tiff,1
images/2/Winter_57_9.tiff,0
images/2/Fall_33_7.tiff,0
images/2/Fall_133_29.tiff,0
images/2/Summer_121_30.tiff,0
images/2/Spring_45_21.tiff,0
images/2/Fall_31_33.tiff,0
images/4/Summer_55_110.tiff,1
images/8/Spring_75_134.tiff,1
images/2/Summer_27_3.tiff,0
images/18/Spring_86_55.tiff,1
images/4/Spring_47_60.tiff,1
images/2/Fall_18_77.tiff,0
images/2/Fall_20_33.tiff,0
images/8/Winter_161_109.tiff,1
images/2/Spring_41_18.tiff,0
images/17/Spring_65_36.tiff,1
images/2/Spring_33_80.tiff,0
images/2/Summer_20_33.tiff,0
images/2/Fall_54_35.tiff,0
images/18/Fall_29_56.tiff,1
images/2/Spring_80_19.tiff,0
images/27/Fall_110_107.tiff,1
images/27/Summer_30_91.tiff,1
images/2/Summer_165_44.tiff,0
images/18/Winter_87_83.tiff,1
images/2/Winter_48_25.tiff,0
images/2/Spring_15_82.tiff,0
images/27/Winter_114_119.tiff,1
images/27/Winter_112_117.tiff,1
images/2/Winter_72_83.tiff,0
images/17/Spring_21_8.tiff,1
images/2/Fall_34_7.tiff,0
images/8/Summer_21_4.tiff,1
images/4/Summer_42_84.tiff,1
images/4/Summer_65_145.tiff,1
images/2/Summer_48_37.tiff,0
images/2/Spring_165_44.tiff,0
images/4/Spring_56_0.tiff,1
images/4/Winter_117_105.tiff,1
images/4/Fall_87_83.tiff,1
images/6/Winter_25_104.tiff,1
images/4/Summer_170_105.tiff,1
images/2/Spring_73_25.tiff,0
images/2/Summer_54_46.tiff,0
images/2/Winter_40_17.tiff,0
images/4/Summer_71_72.tiff,1
images/2/Fall_33_5.tiff,0
images/27/Summer_106_103.tiff,1
images/2/Winter_43_40.tiff,0
images/27/Spring_116_112.tiff,1
images/2/Summer_20_39.tiff,0
images/2/Spring_43_39.tiff,0
images/27/Spring_112_101.tiff,1
images/27/Spring_113_104.tiff,1
images/10/Fall_117_157.tiff,1
images/6/Summer_118_52.tiff,1
images/8/Winter_69_144.tiff,1
images/2/Summer_28_40.tiff,0
images/2/Fall_73_51.tiff,0
images/27/Winter_116_110.tiff,1
images/2/Summer_29_81.tiff,0
images/2/Fall_43_38.tiff,0
images/2/Spring_17_72.tiff,0
images/18/Fall_29_38.tiff,1
images/4/Fall_49_68.tiff,1
images/2/Winter_42_17.tiff,0
images/17/Spring_28_48.tiff,1
images/6/Fall_22_143.tiff,1
images/2/Fall_35_5.tiff,0
images/2/Spring_93_42.tiff,0
images/27/Summer_27_84.tiff,1
images/4/Summer_51_73.tiff,1
images/18/Summer_39_35.tiff,1
images/2/Spring_28_29.tiff,0
images/27/Fall_111_101.tiff,1
images/11/Winter_45_142.tiff,1
images/2/Fall_40_21.tiff,0
images/27/Fall_123_107.tiff,1
images/4/Summer_50_79.tiff,1
images/2/Fall_32_30.tiff,0
images/2/Fall_23_59.tiff,0
images/2/Winter_86_73.tiff,0
images/2/Spring_141_77.tiff,0
images/2/Winter_115_47.tiff,0
images/9/Winter_129_10.tiff,1
images/2/Fall_44_153.tiff,0
images/2/Summer_33_22.tiff,0
images/27/Fall_36_134.tiff,1
images/6/Fall_120_8.tiff,1
images/2/Summer_19_1.tiff,0
images/2/Summer_16_71.tiff,0
images/2/Fall_52_2.tiff,0
images/4/Fall_51_63.tiff,1
images/2/Spring_87_56.tiff,0
images/4/Fall_60_9.tiff,1
images/2/Summer_37_30.tiff,0
images/6/Fall_28_98.tiff,1
images/2/Summer_52_22.tiff,0
images/4/Winter_65_99.tiff,1
images/2/Winter_46_24.tiff,0
images/4/Fall_170_111.tiff,1
images/6/Summer_20_140.tiff,1
images/2/Winter_49_2.tiff,0
images/6/Fall_94_62.tiff,1
images/2/Winter_26_4.tiff,0
images/2/Summer_43_27.tiff,0
images/18/Summer_80_15.tiff,1
images/2/Winter_27_37.tiff,0
images/2/Summer_25_19.tiff,0
images/18/Winter_31_59.tiff,1
images/4/Fall_56_102.tiff,1
images/2/Summer_23_1.tiff,0
images/4/Spring_57_30.tiff,1
images/4/Winter_58_102.tiff,1
images/2/Summer_21_19.tiff,0
images/2/Summer_19_78.tiff,0
images/2/Winter_73_51.tiff,0
images/2/Summer_16_36.tiff,0
images/2/Spring_16_43.tiff,0
images/2/Winter_17_78.tiff,0
images/2/Winter_74_51.tiff,0
images/9/Fall_130_9.tiff,1
images/4/Summer_57_30.tiff,1
images/2/Spring_88_18.tiff,0
images/2/Winter_44_24.tiff,0
images/2/Winter_31_20.tiff,0
images/6/Fall_102_1.tiff,1
images/2/Summer_41_16.tiff,0
images/2/Spring_20_87.tiff,0
images/2/Winter_72_81.tiff,0
images/2/Summer_103_85.tiff,0
images/2/Winter_32_7.tiff,0
images/24/Winter_121_69.tiff,1
images/4/Spring_52_67.tiff,1
images/2/Summer_27_73.tiff,0
images/18/Summer_89_82.tiff,1
images/2/Fall_52_1.tiff,0
images/4/Summer_47_75.tiff,1
images/4/Summer_104_81.tiff,1
images/2/Spring_68_33.tiff,0
images/17/Fall_24_13.tiff,1
images/4/Spring_131_108.tiff,1
images/4/Winter_59_3.tiff,1
images/27/Winter_87_138.tiff,1
images/6/Spring_133_4.tiff,1
images/2/Fall_74_50.tiff,0
images/2/Winter_48_37.tiff,0
images/2/Winter_74_26.tiff,0
images/18/Winter_130_84.tiff,1
images/2/Spring_27_72.tiff,0
images/27/Winter_114_122.tiff,1
images/2/Summer_16_42.tiff,0
images/2/Fall_26_3.tiff,0
images/2/Fall_74_25.tiff,0
images/11/Fall_107_111.tiff,1
images/2/Spring_28_6.tiff,0
images/6/Fall_116_41.tiff,1
images/2/Winter_79_72.tiff,0
images/2/Winter_45_20.tiff,0
images/2/Spring_48_32.tiff,0
images/2/Fall_22_2.tiff,0
images/2/Spring_28_5.tiff,0
images/4/Winter_51_48.tiff,1
images/4/Fall_75_141.tiff,1
images/2/Fall_115_37.tiff,0
images/27/Spring_30_85.tiff,1
images/2/Spring_133_29.tiff,0
images/17/Winter_27_46.tiff,1
images/2/Summer_19_71.tiff,0
images/4/Winter_58_32.tiff,1
images/2/Fall_32_32.tiff,0
images/2/Winter_33_19.tiff,0
images/27/Winter_119_104.tiff,1
images/27/Spring_124_106.tiff,1
images/6/Fall_19_141.tiff,1
images/4/Spring_104_73.tiff,1
images/2/Winter_67_36.tiff,0
images/18/Fall_53_10.tiff,1
images/2/Winter_18_77.tiff,0
images/25/Spring_61_114.tiff,1
images/4/Summer_49_78.tiff,1
images/2/Fall_18_80.tiff,0
images/2/Spring_23_19.tiff,0
images/2/Winter_15_86.tiff,0
images/2/Spring_24_54.tiff,0
images/18/Winter_112_45.tiff,1
images/8/Fall_110_57.tiff,1
images/11/Spring_105_144.tiff,1
images/6/Winter_114_40.tiff,1
images/2/Fall_66_40.tiff,0
images/6/Fall_27_101.tiff,1
images/6/Summer_163_114.tiff,1
images/2/Summer_43_16.tiff,0
images/10/Winter_17_34.tiff,1
images/2/Winter_23_59.tiff,0
images/27/Fall_33_89.tiff,1
images/27/Spring_29_90.tiff,1
images/2/Summer_44_18.tiff,0
images/23/Winter_126_15.tiff,1
images/27/Fall_34_105.tiff,1
images/2/Spring_48_28.tiff,0
images/4/Spring_49_58.tiff,1
images/2/Fall_26_41.tiff,0
images/2/Spring_33_28.tiff,0
images/27/Spring_31_92.tiff,1
images/27/Winter_120_109.tiff,1
images/17/Summer_156_115.tiff,1
images/6/Fall_53_9.tiff,1
images/27/Spring_30_90.tiff,1
images/2/Fall_17_65.tiff,0
images/2/Summer_43_17.tiff,0
images/2/Winter_41_17.tiff,0
images/2/Spring_49_25.tiff,0
images/4/Summer_51_78.tiff,1
images/8/Summer_145_137.tiff,1
images/27/Fall_107_105.tiff,1
images/10/Fall_12_14.tiff,1
images/2/Winter_43_38.tiff,0
images/4/Fall_47_64.tiff,1
images/6/Fall_126_45.tiff,1
images/6/Winter_91_39.tiff,1
images/2/Spring_17_30.tiff,0
images/2/Fall_39_12.tiff,0
images/2/Fall_25_19.tiff,0
images/2/Winter_23_60.tiff,0
images/2/Spring_25_69.tiff,0
images/2/Summer_75_71.tiff,0
images/2/Summer_98_82.tiff,0
images/2/Summer_21_11.tiff,0
images/2/Winter_32_29.tiff,0
images/4/Fall_102_74.tiff,1
images/2/Winter_19_37.tiff,0
images/2/Spring_170_39.tiff,0
images/2/Fall_44_24.tiff,0
images/2/Fall_31_43.tiff,0
images/6/Summer_23_107.tiff,1
images/2/Summer_52_20.tiff,0
images/4/Winter_58_74.tiff,1
images/2/Winter_164_19.tiff,0
images/2/Fall_115_47.tiff,0
images/2/Summer_53_1.tiff,0
images/6/Fall_94_58.tiff,1
images/2/Fall_43_16.tiff,0
images/11/Winter_18_73.tiff,1
images/4/Winter_81_143.tiff,1
images/2/Fall_16_61.tiff,0
images/2/Summer_29_40.tiff,0
images/8/Fall_152_128.tiff,1
images/27/Spring_28_90.tiff,1
images/2/Fall_30_6.tiff,0
images/2/Winter_18_72.tiff,0
images/27/Fall_34_84.tiff,1
images/13/Fall_138_128.tiff,1
images/4/Spring_159_158.tiff,1
images/2/Fall_22_41.tiff,0
images/11/Spring_90_106.tiff,1
images/2/Winter_14_87.tiff,0
images/2/Summer_7_19.tiff,0
images/2/Summer_40_12.tiff,0
images/4/Summer_51_77.tiff,1
images/18/Winter_101_111.tiff,1
images/2/Fall_50_3.tiff,0
images/2/Winter_88_76.tiff,0
images/2/Winter_35_6.tiff,0
images/2/Fall_25_30.tiff,0
images/2/Spring_81_75.tiff,0
images/27/Spring_106_106.tiff,1
images/2/Winter_89_56.tiff,0
images/6/Spring_22_145.tiff,1
images/2/Spring_27_31.tiff,0
images/18/Spring_79_17.tiff,1
images/2/Winter_28_28.tiff,0
images/2/Spring_34_5.tiff,0
images/27/Fall_110_106.tiff,1
images/2/Spring_73_51.tiff,0
images/2/Spring_23_18.tiff,0
images/2/Spring_26_36.tiff,0
images/2/Winter_88_74.tiff,0
images/2/Winter_79_18.tiff,0
images/2/Summer_81_75.tiff,0
images/27/Spring_30_88.tiff,1
images/2/Winter_16_39.tiff,0
images/10/Spring_8_13.tiff,1
images/6/Spring_55_74.tiff,1
images/6/Fall_20_144.tiff,1
images/2/Fall_17_28.tiff,0
images/2/Summer_47_27.tiff,0
images/2/Spring_23_61.tiff,0
images/4/Winter_158_132.tiff,1
images/10/Fall_81_80.tiff,1
images/2/Spring_51_21.tiff,0
images/2/Fall_72_50.tiff,0
images/2/Winter_20_87.tiff,0
images/4/Winter_55_105.tiff,1
images/6/Winter_1_27.tiff,1
images/6/Spring_119_30.tiff,1
images/2/Fall_89_57.tiff,0
images/6/Winter_23_144.tiff,1
images/2/Summer_47_25.tiff,0
images/2/Summer_40_21.tiff,0
images/2/Spring_21_19.tiff,0
images/2/Fall_29_39.tiff,0
images/17/Spring_23_13.tiff,1
images/2/Spring_71_49.tiff,0
images/2/Summer_20_37.tiff,0
images/9/Fall_83_154.tiff,1
images/2/Winter_99_82.tiff,0
images/2/Winter_75_25.tiff,0
images/2/Summer_36_2.tiff,0
images/2/Fall_16_37.tiff,0
images/4/Spring_51_51.tiff,1
images/4/Fall_60_35.tiff,1
images/4/Fall_47_60.tiff,1
images/2/Winter_146_75.tiff,0
images/2/Spring_67_39.tiff,0
images/4/Spring_59_71.tiff,1
images/2/Fall_28_4.tiff,0
images/27/Winter_107_117.tiff,1
images/6/Fall_53_16.tiff,1
images/4/Fall_60_27.tiff,1
images/4/Winter_19_138.tiff,1
images/2/Winter_50_2.tiff,0
images/2/Winter_133_30.tiff,0
images/2/Winter_53_36.tiff,0
images/24/Fall_124_73.tiff,1
images/10/Winter_83_83.tiff,1
images/2/Fall_73_23.tiff,0
images/27/Summer_108_122.tiff,1
images/6/Fall_30_98.tiff,1
images/2/Summer_40_13.tiff,0
images/4/Winter_51_70.tiff,1
images/4/Winter_129_109.tiff,1
images/2/Fall_14_87.tiff,0
images/2/Spring_38_22.tiff,0
images/8/Summer_0_116.tiff,1
images/2/Winter_16_69.tiff,0
images/10/Fall_19_36.tiff,1
images/2/Fall_17_87.tiff,0
images/2/Summer_45_26.tiff,0
images/4/Winter_50_74.tiff,1
images/27/Winter_32_129.tiff,1
images/2/Winter_81_73.tiff,0
images/13/Fall_60_65.tiff,1
images/2/Fall_20_87.tiff,0
images/27/Winter_33_83.tiff,1
images/4/Summer_69_168.tiff,1
images/2/Summer_22_35.tiff,0
images/2/Fall_141_74.tiff,0
images/2/Fall_58_19.tiff,0
images/6/Spring_120_29.tiff,1
images/4/Winter_55_33.tiff,1
images/27/Winter_125_106.tiff,1
images/2/Summer_50_19.tiff,0
images/18/Fall_121_47.tiff,1
images/6/Fall_117_32.tiff,1
images/2/Winter_16_74.tiff,0
images/2/Fall_27_40.tiff,0
images/6/Spring_57_15.tiff,1
images/2/Summer_42_10.tiff,0
images/27/Summer_34_93.tiff,1
images/2/Spring_98_85.tiff,0
images/27/Fall_122_110.tiff,1
images/2/Winter_47_22.tiff,0
images/2/Winter_23_1.tiff,0
images/27/Summer_106_113.tiff,1
images/8/Winter_71_134.tiff,1
images/27/Winter_35_121.tiff,1
images/2/Summer_26_46.tiff,0
images/4/Summer_56_36.tiff,1
images/2/Summer_52_2.tiff,0
images/2/Spring_27_5.tiff,0
images/18/Winter_83_12.tiff,1
images/4/Winter_57_32.tiff,1
images/17/Fall_106_26.tiff,1
images/8/Spring_145_135.tiff,1
images/17/Winter_108_25.tiff,1
images/2/Winter_26_40.tiff,0
images/2/Spring_34_4.tiff,0
images/2/Summer_26_3.tiff,0
images/4/Winter_39_80.tiff,1
images/2/Fall_69_77.tiff,0
images/17/Spring_107_26.tiff,1
images/2/Spring_59_19.tiff,0
images/2/Summer_29_4.tiff,0
images/18/Fall_83_10.tiff,1
images/2/Spring_56_8.tiff,0
images/2/Winter_29_81.tiff,0
images/27/Summer_109_122.tiff,1
images/2/Summer_45_19.tiff,0
images/2/Winter_62_38.tiff,0
images/4/Summer_71_18.tiff,1
images/2/Fall_32_29.tiff,0
images/4/Spring_48_76.tiff,1
images/2/Spring_170_38.tiff,0
images/2/Spring_17_29.tiff,0
images/6/Winter_16_4.tiff,1
images/4/Winter_60_105.tiff,1
images/2/Summer_19_89.tiff,0
images/2/Winter_15_43.tiff,0
images/2/Summer_32_20.tiff,0
images/4/Winter_53_72.tiff,1
images/4/Spring_40_83.tiff,1
images/2/Summer_24_55.tiff,0
images/27/Winter_33_107.tiff,1
images/27/Summer_109_105.tiff,1
images/2/Fall_88_18.tiff,0
images/8/Winter_66_142.tiff,1
images/18/Fall_55_9.tiff,1
images/2/Winter_74_27.tiff,0
images/27/Fall_28_98.tiff,1
images/2/Winter_36_4.tiff,0
images/2/Winter_75_54.tiff,0
images/2/Fall_67_34.tiff,0
images/2/Winter_59_19.tiff,0
images/4/Winter_59_102.tiff,1
images/2/Spring_39_22.tiff,0
images/2/Summer_21_2.tiff,0
images/4/Winter_53_49.tiff,1
images/2/Fall_21_38.tiff,0
images/4/Winter_80_144.tiff,1
images/6/Winter_120_30.tiff,1
images/18/Spring_90_83.tiff,1
images/4/Fall_64_99.tiff,1
images/13/Winter_59_64.tiff,1
images/2/Fall_28_52.tiff,0
images/2/Fall_116_39.tiff,0
images/27/Spring_37_135.tiff,1
images/4/Winter_50_62.tiff,1
images/4/Summer_58_76.tiff,1
images/11/Spring_104_145.tiff,1
images/2/Winter_121_38.tiff,0
images/4/Winter_101_32.tiff,1
images/2/Winter_20_47.tiff,0
images/4/Spring_96_23.tiff,1
images/27/Fall_111_104.tiff,1
images/2/Summer_75_70.tiff,0
images/27/Spring_124_107.tiff,1
images/4/Summer_48_69.tiff,1
images/2/Spring_52_5.tiff,0
images/27/Winter_35_124.tiff,1
images/2/Fall_170_38.tiff,0
images/4/Fall_51_68.tiff,1
images/2/Spring_98_84.tiff,0
images/4/Winter_40_83.tiff,1
images/2/Winter_26_52.tiff,0
images/2/Winter_17_68.tiff,0
images/6/Fall_24_107.tiff,1
images/2/Fall_99_84.tiff,0
images/8/Fall_74_135.tiff,1
images/2/Fall_138_36.tiff,0
images/17/Summer_26_44.tiff,1
images/8/Spring_66_140.tiff,1
images/18/Winter_91_50.tiff,1
images/2/Fall_16_42.tiff,0
images/2/Summer_99_84.tiff,0
images/27/Summer_104_105.tiff,1
images/6/Summer_23_144.tiff,1
images/2/Fall_63_40.tiff,0
images/4/Winter_59_28.tiff,1
images/6/Winter_115_39.tiff,1
images/2/Summer_141_77.tiff,0
images/18/Summer_27_61.tiff,1
images/4/Summer_52_58.tiff,1
images/4/Winter_57_27.tiff,1
images/2/Summer_59_18.tiff,0
images/2/Spring_159_57.tiff,0
images/2/Spring_49_31.tiff,0
images/2/Summer_25_3.tiff,0
images/4/Fall_48_75.tiff,1
images/4/Spring_51_52.tiff,1
images/2/Fall_20_59.tiff,0
images/2/Summer_49_25.tiff,0
images/2/Fall_46_26.tiff,0
images/2/Summer_25_27.tiff,0
images/6/Spring_55_75.tiff,1
images/2/Summer_17_70.tiff,0
images/6/Spring_118_51.tiff,1
images/27/Winter_106_106.tiff,1
images/4/Fall_57_36.tiff,1
images/10/Winter_81_81.tiff,1
images/2/Summer_48_3.tiff,0
images/2/Spring_36_2.tiff,0
images/2/Fall_16_69.tiff,0
images/6/Fall_58_15.tiff,1
images/2/Summer_15_40.tiff,0
images/4/Summer_53_48.tiff,1
images/17/Winter_64_37.tiff,1
images/2/Summer_26_36.tiff,0
images/4/Winter_60_102.tiff,1
images/4/Spring_10_96.tiff,1
images/2/Spring_81_76.tiff,0
images/2/Summer_33_19.tiff,0
images/6/Spring_55_73.tiff,1
images/27/Spring_30_102.tiff,1
images/4/Fall_56_103.tiff,1
images/27/Summer_106_111.tiff,1
images/2/Summer_26_40.tiff,0
images/2/Winter_24_4.tiff,0
images/2/Spring_45_26.tiff,0
images/27/Fall_113_118.tiff,1
images/2/Spring_68_38.tiff,0
images/2/Spring_26_39.tiff,0
images/4/Summer_63_103.tiff,1
images/2/Winter_3_57.tiff,0
images/27/Spring_108_105.tiff,1
images/2/Summer_27_4.tiff,0
images/18/Spring_80_85.tiff,1
images/2/Winter_23_29.tiff,0
images/2/Summer_54_34.tiff,0
images/2/Summer_17_31.tiff,0
images/2/Fall_23_3.tiff,0
images/2/Winter_39_22.tiff,0
images/2/Fall_59_18.tiff,0
images/2/Winter_24_70.tiff,0
images/6/Fall_26_19.tiff,1
images/2/Fall_18_72.tiff,0
images/27/Summer_38_135.tiff,1
images/2/Fall_58_8.tiff,0
images/2/Fall_29_37.tiff,0
images/4/Fall_59_35.tiff,1
images/2/Winter_59_18.tiff,0
images/2/Fall_32_131.tiff,0
images/27/Summer_36_132.tiff,1
images/8/Fall_145_137.tiff,1
images/2/Summer_16_68.tiff,0
images/2/Summer_80_76.tiff,0
images/27/Winter_38_135.tiff,1
images/18/Summer_25_80.tiff,1
images/2/Spring_18_70.tiff,0
images/2/Summer_50_2.tiff,0
images/2/Winter_64_40.tiff,0
images/2/Fall_29_40.tiff,0
images/2/Winter_28_40.tiff,0
images/2/Winter_25_31.tiff,0
images/27/Summer_122_110.tiff,1
images/2/Fall_31_35.tiff,0
images/2/Spring_27_3.tiff,0
images/10/Winter_7_14.tiff,1
images/2/Spring_17_11.tiff,0
images/4/Fall_50_68.tiff,1
images/27/Summer_116_109.tiff,1
images/6/Winter_119_38.tiff,1
images/2/Summer_81_76.tiff,0
images/4/Winter_96_23.tiff,1
images/6/Spring_25_104.tiff,1
images/4/Winter_58_73.tiff,1
images/2/Spring_74_51.tiff,0
images/2/Winter_24_55.tiff,0
images/4/Fall_0_157.tiff,1
images/2/Summer_15_43.tiff,0
images/2/Fall_28_38.tiff,0
images/4/Fall_165_111.tiff,1
images/2/Summer_18_79.tiff,0
images/4/Summer_57_35.tiff,1
images/4/Spring_103_32.tiff,1
images/27/Summer_31_134.tiff,1
images/27/Fall_112_117.tiff,1
images/18/Fall_148_123.tiff,1
images/8/Spring_68_137.tiff,1
images/27/Summer_35_86.tiff,1
images/4/Winter_61_9.tiff,1
images/4/Fall_168_111.tiff,1
images/2/Summer_57_8.tiff,0
images/18/Spring_101_110.tiff,1
images/2/Spring_23_3.tiff,0
images/2/Summer_48_2.tiff,0
images/2/Summer_40_17.tiff,0
images/27/Summer_115_111.tiff,1
images/2/Spring_39_23.tiff,0
images/2/Summer_49_10.tiff,0
images/27/Summer_35_100.tiff,1
images/2/Fall_56_8.tiff,0
images/4/Winter_57_2.tiff,1
images/27/Summer_31_104.tiff,1
images/18/Winter_89_83.tiff,1
images/4/Summer_19_138.tiff,1
images/2/Winter_27_3.tiff,0
images/2/Fall_74_55.tiff,0
images/2/Spring_64_38.tiff,0
images/2/Spring_9_44.tiff,0
images/24/Winter_125_68.tiff,1
images/2/Spring_69_72.tiff,0
images/4/Fall_132_133.tiff,1
images/2/Summer_30_5.tiff,0
images/27/Spring_30_93.tiff,1
images/27/Fall_113_108.tiff,1
images/27/Fall_30_91.tiff,1
images/8/Fall_117_43.tiff,1
images/27/Fall_111_102.tiff,1
images/4/Summer_129_110.tiff,1
images/4/Winter_60_2.tiff,1
images/10/Fall_33_23.tiff,1
images/2/Spring_48_22.tiff,0
images/2/Fall_17_29.tiff,0
images/27/Fall_110_116.tiff,1
images/2/Fall_49_3.tiff,0
images/2/Winter_23_19.tiff,0
images/2/Fall_18_2.tiff,0
images/6/Fall_54_17.tiff,1
images/2/Summer_80_75.tiff,0
images/27/Spring_110_104.tiff,1
images/8/Fall_67_145.tiff,1
images/2/Spring_34_6.tiff,0
images/2/Fall_28_39.tiff,0
images/6/Summer_23_109.tiff,1
images/2/Winter_18_79.tiff,0
images/8/Winter_133_72.tiff,1
images/4/Winter_51_76.tiff,1
images/4/Summer_60_7.tiff,1
images/8/Fall_76_135.tiff,1
images/2/Spring_27_40.tiff,0
images/2/Fall_16_70.tiff,0
images/2/Summer_33_81.tiff,0
images/2/Winter_68_33.tiff,0
images/27/Spring_32_96.tiff,1
images/17/Winter_27_43.tiff,1
images/8/Summer_152_129.tiff,1
images/24/Fall_124_68.tiff,1
images/6/Summer_121_57.tiff,1
images/10/Winter_117_157.tiff,1
images/6/Winter_26_20.tiff,1
images/2/Spring_24_4.tiff,0
images/2/Fall_48_33.tiff,0
images/2/Summer_33_7.tiff,0
images/2/Fall_50_10.tiff,0
images/2/Spring_115_37.tiff,0
images/2/Spring_121_30.tiff,0
images/2/Fall_43_18.tiff,0
images/18/Winter_26_64.tiff,1
images/2/Spring_32_85.tiff,0
images/2/Fall_35_85.tiff,0
images/2/Fall_41_15.tiff,0
images/27/Spring_111_120.tiff,1
images/27/Summer_112_100.tiff,1
images/6/Fall_55_73.tiff,1
images/2/Fall_40_10.tiff,0
images/8/Winter_57_46.tiff,1
images/2/Summer_28_30.tiff,0
images/8/Winter_132_72.tiff,1
images/27/Fall_108_119.tiff,1
images/2/Summer_17_30.tiff,0
images/2/Summer_3_57.tiff,0
images/2/Spring_79_18.tiff,0
images/2/Winter_14_66.tiff,0
images/4/Summer_57_69.tiff,1
images/2/Winter_21_60.tiff,0
images/17/Winter_17_3.tiff,1
images/2/Fall_52_19.tiff,0
images/2/Spring_37_30.tiff,0
images/27/Winter_29_86.tiff,1
images/18/Fall_85_55.tiff,1
images/2/Fall_71_48.tiff,0
images/2/Winter_25_27.tiff,0
images/2/Summer_19_77.tiff,0
images/2/Summer_48_33.tiff,0
images/2/Winter_26_46.tiff,0
images/2/Winter_19_71.tiff,0
images/27/Spring_123_109.tiff,1
images/2/Summer_21_35.tiff,0
images/2/Winter_110_80.tiff,0
images/27/Spring_107_121.tiff,1
images/27/Spring_31_102.tiff,1
images/2/Winter_21_36.tiff,0
images/2/Winter_76_23.tiff,0
images/27/Winter_31_130.tiff,1
images/2/Winter_28_5.tiff,0
images/2/Winter_25_28.tiff,0
images/2/Spring_46_23.tiff,0
images/2/Spring_37_12.tiff,0
images/27/Spring_33_78.tiff,1
images/2/Fall_75_70.tiff,0
images/4/Fall_58_9.tiff,1
images/8/Fall_152_133.tiff,1
images/15/Spring_95_79.tiff,1
images/2/Spring_22_38.tiff,0
images/18/Summer_120_47.tiff,1
images/27/Summer_111_120.tiff,1
images/4/Summer_86_83.tiff,1
images/2/Winter_27_29.tiff,0
images/2/Winter_32_20.tiff,0
images/2/Spring_75_56.tiff,0
images/18/Fall_104_15.tiff,1
images/6/Winter_25_106.tiff,1
images/2/Fall_24_54.tiff,0
images/2/Fall_52_60.tiff,0
images/2/Winter_52_21.tiff,0
images/4/Fall_59_28.tiff,1
images/8/Fall_150_131.tiff,1
images/4/Fall_60_28.tiff,1
images/2/Spring_26_52.tiff,0
images/2/Winter_43_15.tiff,0
images/8/Fall_149_133.tiff,1
images/2/Summer_17_69.tiff,0
images/18/Spring_83_59.tiff,1
